fecha_terminacion_proyecto,fecha_de_corte,c_digo_divipola_departamento,departamento,c_digo_divipola_municipio,municipio,indicador,nombre_proyecto,origen,aporte_nacion,contrapartida,estado_seguimiento
2018-12-31T00:00:00.000,2024-04-04T00:00:00.000,18,CAQUETA,"18029, 18205, 18610","Albania(CAQ), Curillo(CAQ), San Jose De Fragua(CAQ)",Nueva Población Beneficiada Acueducto Urbano,"CONSTRUCCION SISTEMA DE ACUEDUCTO REGIONAL PARA LOS MUNICIPIOS DE ALBANIA, CURILLO Y SAN JOSE DE FRAGUA.",PDA,12110573518,953340488,En Liquidación
2018-10-16T00:00:00.000,2024-04-04T00:00:00.000,15,BOYACA,15693,Santa Rosa De Viterbo(BOY),Nueva Población Beneficiada Acueducto Urbano,"CONSTRUCCION RED DE CONDUCCION, REDES DE DISTRIBUCION DEL ACUEDUCTO Y TERMINACION PLANTA DE TRATAMIENTO DE AGUA POTABLE DE LA ZONA URBANA DEL MUNICIPIO DE SANTA ROSA DE VITERBO",PDA,557345219,2236932650,En Liquidación
2018-10-08T00:00:00.000,2024-04-04T00:00:00.000,17,CALDAS,17050,Aranzazu(CAL),Nueva Población Beneficiada Alcantarillado Urbano,OPTIMIZACION SISTEMAS DE ACUEDUCTO Y ALCANTARILLADO ZONA URBANA MUNICIPIO DE ARANZAZU,PDA,491820256,664819896,Terminado
2019-06-01T00:00:00.000,2024-04-04T00:00:00.000,17,CALDAS,17446,Marulanda(CAL),Nueva Población Beneficiada Acueducto Rural,MEJORAMIENTO SISTEMA DE ACUEDUCTO EN EL CORREGIMIENTO MONTEBONITO MUNICIPIO DE MARULANDA,PDA,286128295,540512429,Terminado
2019-02-12T00:00:00.000,2024-04-04T00:00:00.000,05,ANTIOQUIA,5250,El Bagre(ANT),Nueva Población Beneficiada Acueducto Urbano,CONSTRUCCION DEL PLAN MAESTRO DE ACUEDUCTO URBANO DEL MUNICIPIO DE EL BAGRE ETAPA II,PDA,0,4773790842,Liquidado
2018-11-22T00:00:00.000,2024-04-04T00:00:00.000,05,ANTIOQUIA,5306,Giraldo(ANT),Nueva Población Beneficiada Acueducto Rural,CONSTRUCCION DEL PLAN MAESTRO DE ACUEDUCTO CORREGIMIENTO MANGLAR DEL MUNICIPIO DE GIRALDO,PDA,0,922015855,Liquidado
2022-07-28T00:00:00.000,2024-04-04T00:00:00.000,73,TOLIMA,73349,Honda(TOL),Nueva Población Beneficiada Alcantarillado Urbano,"CONSTRUCCIÓN DE ALCANTARILLADO EN LOS SECTORES DE CHICO, REFUGIO, LA SONRISA Y NUEVA AMBALEMITA DEL MUNICIPIO DE HONDA",PGN,3199570691,0,En Liquidación
2022-02-14T00:00:00.000,2024-04-04T00:00:00.000,73,TOLIMA,73217,Coyaima(TOL),Nueva Población Beneficiada Acueducto Rural,"OPTIMIZACIÓN SISTEMA DE ACUEDUCTO DEL CENTRO POBLADO DE CASTILLA, MUNICIPIO DE COYAIMA",PGN,2562701063,0,Terminado
2021-04-19T00:00:00.000,2024-04-04T00:00:00.000,20,CESAR,20001,Valledupar(CES),Nueva Población Beneficiada Acueducto Urbano,"OPTIMIZACION DE SISTEMA DE ACUEDUCTO DE LA CIUDAD DE VALLEDUPAR, MEDIANTE LA CONSTRUCCION DE TANQUES DE ALMACENAMIENTO DE AGUA TRATADA Y REDES MATRICES DE ACUEDUCTO",PGN,24677750307,197255642,Liquidado
2022-12-23T00:00:00.000,2024-04-04T00:00:00.000,41,HUILA,41551,Pitalito(HUI),Nueva Población Beneficiada Alcantarillado Urbano,CONSTRUCCIÓN DE COLECTORES DEL SISTEMA DE ALCANTARILLADO PLUVIAL EN LA COMUNA UNO DEL MUNICIPIO DE PITALITO-HUILA,PGN,2904901507,35668264,Terminado
2023-10-09T00:00:00.000,2024-04-04T00:00:00.000,41,HUILA,41001,Neiva(HUI),Nueva Población Beneficiada Acueducto Urbano,"CONSTRUCCIÓN Y OPTIMIZACIÓN DE LA LÍNEA EXPRESA DE ACUEDUCTO DE LA ESTACIÓN DEL TREN DEL MUNICIPIO DE NEIVA, DEPARTAMENTO DEL HUILA",PDA,0,11128677123,En Liquidación
2021-11-29T00:00:00.000,2024-04-04T00:00:00.000,41,HUILA,41396,La Plata(HUI),Nueva Población Beneficiada Acueducto Rural,"CONSTRUCCION DEL SISTEMA DE ACUEDUCTO RURAL REGIONAL SANTA MARTHA, BIRMANIA, VEREDAS SANTA MARTHA, EL ROBLE, EL ALTO AURORA, SAN MIGUEL, LOS CAUCHOS, VILLA ESPERANZA, LOS PINOS, VILLA MERCEDES, BAJO VILLA MERCEDES DEL MUNICIPIO DE LA PLATA",PGN,5936504087,417000000,Liquidado Contrato Obra
2019-11-15T00:00:00.000,2024-04-04T00:00:00.000,41,HUILA,41378,La Argentina(HUI),Nueva Población Beneficiada Acueducto Rural,CONSTRUCCIÓN PLAN MAESTRO DE ACUEDUCTO CENTRO POBLADO EL PENSIL (LA ARGENTINA) HUILA FASE I,PDA,0,1661244655,Liquidado
2020-07-11T00:00:00.000,2024-04-04T00:00:00.000,41,HUILA,41319,Guadalupe(HUI),Nueva Población Beneficiada Alcantarillado Rural,"CONSTRUCCIÓN ALCANTARILLADO SANITARIO CENTRO POBLADO LOS CAUCHOS, MUNICIPIO DE GUADALUPE",PDA,0,4543152539,Liquidado
2020-01-14T00:00:00.000,2024-04-04T00:00:00.000,41,HUILA,41298,Garzon(HUI),Nueva Población Beneficiada Alcantarillado Urbano,"CONSTRUCCION COLECTORES DEL SISTEMA DE ALCANTARILLADO DEL MUNICIPIO DE GARZÓN, HUILA",PDA,0,2449328786,Liquidado
2021-12-15T00:00:00.000,2024-04-04T00:00:00.000,41,HUILA,41006,Acevedo(HUI),Nueva Población Beneficiada Acueducto Urbano,CONSTRUCCION PLAN MAESTRO DE ACUEDUCTO DEL MUNICIPIO DE ACEVEDO,PDA,0,3928304657,Liquidado
2024-01-31T00:00:00.000,2024-04-04T00:00:00.000,25,CUNDINAMARCA,25662,San Juan De Rioseco(CUN),Nueva Población Beneficiada Acueducto Urbano,CONSTRUCCION PLAN MAESTRO DE ACUEDUCTO URBANO  MUNICIPIO DE SAN JUAN DE RIOSECO,PDA,0,12864464230,Terminado
2023-12-09T00:00:00.000,2024-04-04T00:00:00.000,08,ATLANTICO,8078,Baranoa(ATL),Nueva Población Beneficiada Alcantarillado Urbano,CONSTRUCCIÓN DE LAS REDES DE ALCANTARILLADO Y ESTACIÓN DE BOMBEO DE AGUAS RESIDUALES PARA LA CUENCA 6A Y REDES DE ALCANTARILLADO EN EL BARRIO MANZANARES DEL MUNICIPIO DE BARANOA-ATLÁNTICO,PGN,2835530661,2723414324,Terminado
2023-12-09T00:00:00.000,2024-04-04T00:00:00.000,08,ATLANTICO,8675,Santa Lucía(ATL),Nueva Población Beneficiada Alcantarillado Rural,ALCANTARILLADO PARA EL CORREGIMIENTO ALGODONAL MUNICIPIO DE SANTA LUCIA,PGN,3476351183,2429158142,Terminado
2019-10-30T00:00:00.000,2024-04-04T00:00:00.000,17,CALDAS,17513,Pacora(CAL),Nueva Población Beneficiada Acueducto Urbano,OPTIMIZACION DEL SISTEMA DE ACUEDUCTO Y EL SISTEMA DE ALCANTARILLADO DEL CASCO URBANO DE PACORA,PDA,1925145539,1742723057,Terminado
2019-10-30T00:00:00.000,2024-04-04T00:00:00.000,17,CALDAS,17513,Pacora(CAL),Nueva Población Beneficiada Alcantarillado Urbano,OPTIMIZACION DEL SISTEMA DE ACUEDUCTO Y EL SISTEMA DE ALCANTARILLADO DEL CASCO URBANO DE PACORA,PDA,1925145539,1742723057,Terminado
2019-04-26T00:00:00.000,2024-04-04T00:00:00.000,73,TOLIMA,73873,Villarrica(TOL),Nueva Población Beneficiada Alcantarillado Urbano,REHABILITACION TRAMOS DE ALCANTARILLADO  (CALLE PRINCIPAL) EXISTENTE DEL CASCO URBANO DEL MUNICIPIO DE VILLARRICA,Ola Invernal Mayor,0,503632560,En Liquidación
2021-12-14T00:00:00.000,2024-04-04T00:00:00.000,44,LA GUAJIRA,44110,El Molino(LA ),Nueva Población Beneficiada Acueducto Urbano,"OPTIMIZACIÓN DEL SISTEMA DE ACUEDUCTO DEL MUNICIPIO DE EL MOLINO, DEPARTAMENTO DE LA GUAJIRA",PDA,0,2696050631,Terminado
2021-05-29T00:00:00.000,2024-04-04T00:00:00.000,52,NARIÑO,52378,La Cruz(NAR),Nueva Población Beneficiada Alcantarillado Rural,CONSTRUCCION UNIDADES SANITARIAS PARA EL MEJORAMIENTO DE LAS CONDICIONES DE SANEAMIENTO DE LA ZONA RURAL DEL MUNICIPIO DE LA CRUZ,PDA,1735748969,757288529,Liquidado Contrato Obra
2021-10-22T00:00:00.000,2024-04-04T00:00:00.000,25,CUNDINAMARCA,25473,Mosquera(CUN),Nueva Población Beneficiada Alcantarillado Urbano,OPTIMIZACION REDES DE ALCANTARILLADO SANITARIO Y PLUVIAL Y LA CONSTRUCCION ESTACION DE BOMBEO DE ALCANTARILLADO DE AGUAS LLUVIAS DEL BARRIO EL PORVENIR RIO MUNICIPIO DE MOSQUERA FASE I.-ESTACION DE BOMBEO DE ALCANTARILLADO AGUAS LLUVIAS.,PDA,0,4282184385,Liquidado Contrato Obra
2018-12-21T00:00:00.000,2024-04-04T00:00:00.000,19,CAUCA,19364,Jambaló(CAU),Nueva Población Beneficiada Acueducto Rural,CONSTRUCCION SISTEMA DE ACUEDUCTO INTERVEREDAL Y OBRA DE OPTIMIZACION TANQUES DE ALMACENAMIENTO ZONA BAJA MUNICIPIO DE JAMBALO,PDA,1184191115,2648751430,Liquidado Contrato Obra
2022-03-03T00:00:00.000,2024-04-04T00:00:00.000,25,CUNDINAMARCA,25491,Nocaima(CUN),Nueva Población Beneficiada Alcantarillado Urbano,MEJORAMIENTO RED DE ALCANTARILLADO MUNICIPIO DE NOCAIMA,PDA,0,5252494668,En Liquidación
2020-03-29T00:00:00.000,2024-04-04T00:00:00.000,70,SUCRE,70001,Sincelejo(SUC),Nueva Población Beneficiada Acueducto Urbano,CONSTRUCCION DEL TRAMO II DE LA LINEA DE ADUCCION DEL CAMPO DE POZOS SAN JORGE PARA EL MUNICIPIO DE SINCELEJO DESDE EL K0+000 HASTA K9+100 PARA EL MUNICIPIO DE SINCELEJO,PGN,20909791629,0,En Liquidación
2018-12-31T00:00:00.000,2024-04-04T00:00:00.000,13,BOLIVAR,13212,Córdoba(BOL),Nueva Población Beneficiada Alcantarillado Urbano,CONTRUCCION DEL SISTEMA DE ALCANTARILLADO DE LA CABECERA MUNICIPAL DE CORDOBA,PDA,3780000000,11539441154,Liquidado Contrato Obra
2019-08-23T00:00:00.000,2024-04-04T00:00:00.000,70,SUCRE,70708,San Marcos(SUC),Nueva Población Beneficiada Alcantarillado Urbano,CONSTRUCCION DE LA PRIMERA ETAPA DEL PLAN MAESTRO DE ALCANTARILLADO SANITARIO EN LA ZONA URBANA DEL MUNICIPIO DE SAN MARCOS,PGN,12560199480,0,Liquidado
2019-08-13T00:00:00.000,2024-04-04T00:00:00.000,13,BOLIVAR,13430,Magangué(BOL),Nueva Población Beneficiada Acueducto Urbano,"OPTIMIZACIÓN, CONSTRUCCION Y  AMPLIACIÓN DEL SISTEMA DE DISTRIBUCIÓN DEL  ACUEDUCTO DEL MUNICIPIO DE MAGANGUÉ, DEPARTAMENTO DE BOLIVAR",PGN,25212073695,0,Liquidado
2018-12-31T00:00:00.000,2024-04-04T00:00:00.000,86,PUTUMAYO,86573,Puerto Leguizamo(PUT),Nueva Población Beneficiada Acueducto Rural,FORMULACIÓN Y ESTRUCTURACIÓN DEL PROYECTO INTEGRAL DE ABASTECIMIENTO DE AGUA Y MANEJO DE AGUAS RESIDUALES DEL CENTRO POBLADO DE PUERTO OSPINA MUNICIPIO DE PUERTO LEGUIZAMO,Programa Rural,3818319483,1543272350,Terminado
2018-12-31T00:00:00.000,2024-04-04T00:00:00.000,86,PUTUMAYO,86573,Puerto Leguizamo(PUT),Nueva Población Beneficiada Alcantarillado Rural,FORMULACIÓN Y ESTRUCTURACIÓN DEL PROYECTO INTEGRAL DE ABASTECIMIENTO DE AGUA Y MANEJO DE AGUAS RESIDUALES DEL CENTRO POBLADO DE PUERTO OSPINA MUNICIPIO DE PUERTO LEGUIZAMO,Programa Rural,3818319483,1543272350,Terminado
2021-02-19T00:00:00.000,2024-04-04T00:00:00.000,68,SANTANDER,68669,San Andres(SAN),Nueva Población Beneficiada Alcantarillado Urbano,"OPTIMIZACIÓN Y AMPLIACION DEL ALCANTARILLADO SANITARIO Y PLUVIAL DEL CASCO URBANO DEL MUNICIPIO DE SAN ANDRES, SANTANDER",PGN,4368608078,1946404544,Liquidado
2021-10-30T00:00:00.000,2024-04-04T00:00:00.000,25,CUNDINAMARCA,"25000, 25328, 25335, 25530",">CUNDINAMARCA<, Guayabal De Siquima(CUN), Guayabetal(CUN), Paratebueno(CUN)",Nueva Población Beneficiada Alcantarillado Rural,CONSTRUCCIÓN DE UNIDADES SANITARIA PARA LAS ZONAS MAS AFECTADAS POR EL CONFLICTO ARMADO DEL DEPARTAMENTO DE CUNDINAMARCA,Obras por Impuestos,0,0,Liquidado
2021-10-27T00:00:00.000,2024-04-04T00:00:00.000,13,BOLIVAR,13458,Montecristo(BOL),Nueva Población Beneficiada Acueducto Urbano,"CONSTRUCCIÓN, OPTIMIZACIÓN, AMPLIACIÓN DEL SISTEMA DE ACUEDUCTO DE LA CABECERA MUNICIPAL DE MONTECRISTO.",PDA,4665364188,5927176755,En Liquidación
2018-11-20T00:00:00.000,2024-04-04T00:00:00.000,41,HUILA,41378,La Argentina(HUI),Nueva Población Beneficiada Acueducto Urbano,PLAN MAESTRO DE ACUEDUCTO Y ALCANTARILLADO FASE I-MUNICIPIO DE LA ARGENTINA,PGN,6250698869,0,Liquidado
2021-10-08T00:00:00.000,2024-04-04T00:00:00.000,8,ATLANTICO,8078,Baranoa(ATL),Nueva Población Beneficiada Acueducto Rural,"ACTUALIZACIÓN DE LOS ESTUDIOS, DISEÑOS, CONSTRUCCIÓN Y PUESTA EN FUNCIONAMIENTO DEL PROYECTO DE REDES DE ACUEDUCTO DEL CORREGIMIENTO DE CAMPECHE EN EL MUNICIPIO DE BARANOA, DEPARTAMENTO DEL ATLÁNTICO.",Pre-Inversión,3946734135,0,En Liquidación
2021-05-31T00:00:00.000,2024-04-04T00:00:00.000,70,SUCRE,70708,San Marcos(SUC),Nueva Población Beneficiada Alcantarillado Urbano,EXTENSIÓN DE REDES DE ALCANTARILLADO SANITARIO EN LA ZONA URBANA DEL MUNICIPIO DE SAN MARCOS,PGN,3314683459,0,En Liquidación
2022-06-29T00:00:00.000,2024-04-04T00:00:00.000,47,MAGDALENA,47258,El Piñon(MAG),Nueva Población Beneficiada Acueducto Rural,"AMPLIACION Y OPTIMIZACION DEL SISTEMA DE ACUEDUCTO DE LOS CORREGIMIENTOS DE SABANAS, SAN BASILIO Y PLAYON DE OROZCO, MUNICIPIO DE EL PIÑON.",PDA,0,6284603303,Terminado
2022-03-25T00:00:00.000,2024-04-04T00:00:00.000,47,MAGDALENA,47745,Sitionuevo(MAG),Nueva Población Beneficiada Acueducto Rural,OPTIMIZACION Y AMPLIACION DEL SISTEMA DE ACUEDUCTO DEL CORREGIMIENTO DE PALERMO MUNICIPIO DE SITIONUEVO,PDA,0,6025447987,Terminado
2019-11-23T00:00:00.000,2024-04-04T00:00:00.000,15,BOYACA,15897,Zetaquira(BOY),Nueva Población Beneficiada Alcantarillado Rural,CONSTRUCCION CUARENTA (40) UNIDADES SANITARIAS CON SANEAMIENTO BASICO PARA VIVIENDA RURAL DISPERSA DEL MUNICIPIO DE ZETAQUIRA,BID,454513123,0,Liquidado
2019-02-21T00:00:00.000,2024-04-04T00:00:00.000,86,PUTUMAYO,86569,Puerto Caicedo(PUT),Nueva Población Beneficiada Alcantarillado Rural,"CONSTRUCCION DE UNIDADES SANITARIAS EN EL MUNICIPIO DE PUERTO CAICEDO, DEPARTAMENTO DEL PUTUMAYO",BID,8268421242,0,En Liquidación
2019-11-30T00:00:00.000,2024-04-04T00:00:00.000,13,BOLIVAR,13062,Arroyohondo(BOL),Nueva Población Beneficiada Alcantarillado Urbano,SISTEMA DE ALCANTARILLADO DE LA CABECERA MUNICIPAL DE ARROYOHONDO SEGUNDA ETAPA,PDA,230524313,8774794344,En Liquidación
2019-05-31T00:00:00.000,2024-04-04T00:00:00.000,13,BOLIVAR,13468,Mompox(BOL),Nueva Población Beneficiada Acueducto Urbano,"CONSTRUCCION, AMPLIACION, OPTIMIZACION Y/O REHABILITACION DEL SISTEMA DE ACUEDUCTO DE LA CABECERA MUNICIPAL DE SANTA CRUZ DE MOMPOX FASE I",PDA,1546702315,3910056036,En Liquidación
2019-04-21T00:00:00.000,2024-04-04T00:00:00.000,25,CUNDINAMARCA,25307,Girardot(CUN),Nueva Población Beneficiada Acueducto Urbano,"CONSTRUCCIÓN ACUEDUCTO, ALCANTARILLADO  SANITARIO Y PLUVIAL EN EL PROYECTO URBANISTICO VALLE DEL SOL ETAPA II  GIRARDOT, CUNDINAMARCA",PDA,0,704827034,Terminado
2019-04-21T00:00:00.000,2024-04-04T00:00:00.000,25,CUNDINAMARCA,25307,Girardot(CUN),Nueva Población Beneficiada Alcantarillado Urbano,"CONSTRUCCIÓN ACUEDUCTO, ALCANTARILLADO  SANITARIO Y PLUVIAL EN EL PROYECTO URBANISTICO VALLE DEL SOL ETAPA II  GIRARDOT, CUNDINAMARCA",PDA,0,704827034,Terminado
2019-11-07T00:00:00.000,2024-04-04T00:00:00.000,47,MAGDALENA,47720,Santa Barbara De Pinto(MAG),Nueva Población Beneficiada Alcantarillado Urbano,CONSTRUCCIÓN DEL SISTEMA DE ALCANTARILLADO SANITARIO  DEL MUNICIPIO DE SANTA BÁRBARA DE PINTO DEPARTAMENTO DEL MAGDALENA - FASE II,PDA,0,3197330077,Liquidado Contrato Obra
2021-11-29T00:00:00.000,2024-04-04T00:00:00.000,15,BOYACA,15507,Otanche(BOY),Nueva Población Beneficiada Alcantarillado Urbano,CONSTRUCCIÓN DEL SISTEMA DE ALCANTARILLADO PLUVIAL Y OPTMIZACION DEL SISTEMA DE ALCANTARILLADO SANITARIO DEL MUNICIPIO DE OTANCHE - BOYACÁ,PDA,0,2591535232,Terminado
2021-03-23T00:00:00.000,2024-04-04T00:00:00.000,63,QUINDIO,63470,Montenegro(QUI),Nueva Población Beneficiada Acueducto Rural,CONSTRUCCION DE LA LINEA DE EXPANSION DEL SISTEMA DE ACUEDUCTO HACIA EL SECTOR RURAL DEL MUNICIPIO DE MONTENEGRO SECTOR EL CASTILLO-EL CUZCO,PGN,3874044476,0,Liquidado
2022-05-27T00:00:00.000,2024-04-04T00:00:00.000,8,TOLIMA,73624,Rovira(TOL),Nueva Población Beneficiada Acueducto Urbano,OPTIMIZACION ACUEDUCTO URBANO DEL MUNICIPIO DE ROVIRA,PDA,2631205957,1819063708,Terminado
2021-11-03T00:00:00.000,2024-04-04T00:00:00.000,41,ATLANTICO,8638,Sabanalarga(ATL),Nueva Población Beneficiada Acueducto Urbano,AMPLlACION REDES DE ACUEDUCTO MUNICIPIO DE SABANALARGA SECTOR 1 Y 2 - ETAPA I,PGN,3643185270,565302035,En Liquidación
2021-11-04T00:00:00.000,2024-04-04T00:00:00.000,52,HUILA,41483,Nataga(HUI),Nueva Población Beneficiada Acueducto Urbano,CONSTRUCCIÓN PLAN MAESTRO DE ACUEDUCTO DEL MUNICIPIO DE NATAGA-HUILA  FASE I,PDA,0,3980121365,Liquidado
2019-01-03T00:00:00.000,2024-04-04T00:00:00.000,52,NARIÑO,52788,Tangua(NAR),Nueva Población Beneficiada Acueducto Rural,"OPTIMIZACION SISTEMAS DE ACUEDUCTO PARA LAS VEREDAS AJOS, TAMBOR, CEBADAL Y BUENA ESPERANZA DEL MUNICIPIO DE TANGUA",PDA,850755674,660991712,Liquidado
2020-12-02T00:00:00.000,2024-04-04T00:00:00.000,25,CUNDINAMARCA,25875,Villeta(CUN),Nueva Población Beneficiada Acueducto Rural,CONSTRUCCION PARA LA OPTIMIZACION DEL SISTEMA ACUEDUCTO Y ALCANTARILLADO DEL CENTRO POBLADO EL PUENTE MUNICPIO DE VILLETA,PDA,0,1264333207,Liquidado Contrato Obra
2020-12-02T00:00:00.000,2024-04-04T00:00:00.000,25,CUNDINAMARCA,25875,Villeta(CUN),Nueva Población Beneficiada Alcantarillado Rural,CONSTRUCCION PARA LA OPTIMIZACION DEL SISTEMA ACUEDUCTO Y ALCANTARILLADO DEL CENTRO POBLADO EL PUENTE MUNICPIO DE VILLETA,PDA,0,1264333207,Liquidado Contrato Obra
2018-09-11T00:00:00.000,2024-04-04T00:00:00.000,25,CUNDINAMARCA,25126,Cajica(CUN),Nueva Población Beneficiada Alcantarillado Urbano,CONSTRUCCION PARA LA OPTIMIZACION DEL SISTEMA DE ALCANTARILLADO DEL CENTRO URBANO DE CAJICA,PDA,2342967710,6963429394,En Liquidación
2019-07-05T00:00:00.000,2024-04-04T00:00:00.000,95,GUAVIARE,95200,Miraflores(GUA),Nueva Población Beneficiada Alcantarillado Urbano,PLAN MAESTRO DE  ALCANTARILLADO MUNICIPIO DE MIRAFLORES FASE 2,PDA,2406482495,3692518983,Liquidado Contrato Obra
2022-03-30T00:00:00.000,2024-04-04T00:00:00.000,76,VALLE DEL CAUCA,76616,Riofrio(VAL),Nueva Población Beneficiada Alcantarillado Rural,MEJORAMIENTO Y AMPLIACIÓN DEL SISTEMA DE ALCANTARILLADO Y CONSTRUCCIÓN DE LA PTAR DEL CORREGIMIENTO DE SALÓNICA - MUNICIPIO RIOFRIO,BID,7125387405,0,En Liquidación
2020-08-10T00:00:00.000,2024-04-04T00:00:00.000,76,VALLE DEL CAUCA,76828,Trujillo(VAL),Nueva Población Beneficiada Acueducto Rural,"CONSTRUCCIÓN DEL SISTEMA DE TRAATAMIENTO DE AGUA POTABLE, REDES DE ABASTECIMIENTO Y SOLUCIONES INDIVIDUALES DE SANEAMIENTO PARA LA VEREDA CULEBRAS DEL MUNICIPIO DE TRUJILLO",BID,3298850180,0,En Liquidación
2020-08-10T00:00:00.000,2024-04-04T00:00:00.000,76,VALLE DEL CAUCA,76828,Trujillo(VAL),Nueva Población Beneficiada Alcantarillado Rural,"CONSTRUCCIÓN DEL SISTEMA DE TRAATAMIENTO DE AGUA POTABLE, REDES DE ABASTECIMIENTO Y SOLUCIONES INDIVIDUALES DE SANEAMIENTO PARA LA VEREDA CULEBRAS DEL MUNICIPIO DE TRUJILLO",BID,3298850180,0,En Liquidación
2022-05-13T00:00:00.000,2024-04-04T00:00:00.000,8,ATLANTICO,8078,Baranoa(ATL),Nueva Población Beneficiada Acueducto Rural,CONSTRUCCIÓN DE LAS REDES DEL ACUEDUCTO DEL CORREGIMIENTO DE SIBARCO EN EL MUNICIPIO DE BARANOA – DEPARTAMENTO DEL ATLÁNTICO,PGN,1442488724,889143254,Terminado
2021-12-06T00:00:00.000,2024-04-04T00:00:00.000,68,SANTANDER,68655,Sabana De Torres(SAN),Nueva Población Beneficiada Acueducto Rural,"CONSTRUCCIÓN DEL ACUEDUCTO PARA LAS VEREDAS CRISTALES LA YE Y CAYUMBITA DEL ÁREA RURAL DEL MUNICIPIO DE SABANA DE TORRES, SANTANDER",Obras por Impuestos,0,0,Liquidado
2023-06-21T00:00:00.000,2024-04-04T00:00:00.000,52,NARIÑO,52378,La Cruz(NAR),Nueva Población Beneficiada Alcantarillado Rural,CONSTRUCCIÓN DE UNIDADES SANITARIAS CON TRATAMIENTO DE AGUAS RESIDUALES EN LA ZONA RURAL DISPERSA DEL MUNICIPIO DE LA CRUZ NARIÑO,PDA,0,1499223043,Terminado
2023-09-04T00:00:00.000,2024-04-04T00:00:00.000,88,SAN ANDRES,88001,San Andres(SAN),Nueva Población Beneficiada Alcantarillado Urbano,"EXPANSION DE REDES DE ALCANTARILLADO SANITARIO EN LOS DISTRITOS 1,2,Y 3 SAN ANDRÉS",PDA,5553725521,1477513779,Liquidado Contrato Obra
2021-12-30T00:00:00.000,2024-04-04T00:00:00.000,08,ATLANTICO,8638,Sabanalarga(ATL),Nueva Población Beneficiada Alcantarillado Rural,"CONSTRUCCIÓN DE PLANTA DE TRATAMIENTO DE AGUAS RESIDUALES PARA LOS CORREGIMIENTOS DE AGUADA DE PABLO Y LA PEÑA, MUNICIPIO DE SABANALARGA",BID,9287399692,0,En Liquidación
2020-01-15T00:00:00.000,2024-04-04T00:00:00.000,08,ATLANTICO,8638,Sabanalarga(ATL),Nueva Población Beneficiada Alcantarillado Rural,CONSTRUCCIÓN DE ALCANTARILLADO SANITARIO DEL CORREGIMIENTO DE LA PEÑA MUNICIPIO DE SABANALARGA.,BID,4846862317,0,En Liquidación
2019-05-24T00:00:00.000,2024-04-04T00:00:00.000,41,HUILA,41298,Garzon(HUI),Nueva Población Beneficiada Acueducto Urbano,PLAN MAESTRO DE ACUEDUCTO MUNICIPIO DE GARZON FASE 1,PDA,1452963501,9963904256,En Liquidación
2020-10-10T00:00:00.000,2024-04-04T00:00:00.000,41,HUILA,41001,Neiva(HUI),Nueva Población Beneficiada Alcantarillado Urbano,CONSTRUCCION INTERCEPTOR AGUAS LLUVIAS CARRERA 18 ENTRE CALLE 41 Y 50 COMUNA 2 MUNICIPIO DE NEIVA,PDA,0,1592614548,Terminado
2021-12-12T00:00:00.000,2024-04-04T00:00:00.000,41,HUILA,41807,Timana(HUI),Nueva Población Beneficiada Alcantarillado Urbano,REHABILITACIÓN DE ALCANTARILLADO SANITARIO DE LA CARRERA 4 ENTRE CALLE 7 A CALLE 10 DEL MUNICIPIO DE TIMANA DEPARTAMENTO DEL HUILA,Ola Invernal Mayor,0,474460194,Terminado
2021-10-26T00:00:00.000,2024-04-04T00:00:00.000,81,ARAUCA,81794,Tame(ARA),Nueva Población Beneficiada Acueducto Rural,CONSTRUCCIÓN DE UN ACUEDUCTO CON AGUA POTABLE PARA LAS VEREDAS ANGOSTURAS EL TRIUNFO Y EL CENTRO POBLADO DE COROCITO DEL MUNICIPIO DE TAME – DEPARTAMENTO DE ARAUCA,Obras por Impuestos,0,0,Liquidado Contrato Obra
2022-07-15T00:00:00.000,2024-04-04T00:00:00.000,08,ATLANTICO,8573,Puerto Colombia(ATL),Nueva Población Beneficiada Acueducto Urbano,CONSTRUCCIÓN DE LAS REDES DE ACUEDUCTO PARA LA ZONA SUR OCCIDENTAL DEL MUNICIPIO DE PUERTO COLOMBIA,PGN,859527012,947502180,Terminado
2021-06-28T00:00:00.000,2024-04-04T00:00:00.000,05,ANTIOQUIA,5837,Turbo(ANT),Nueva Población Beneficiada Acueducto Urbano,CONSTRUCCION DE TANQUE DE ALMACENAMIENTO DE PISO  LA LUCILA II Y OBRAS ACCESORIAS EN EL SISTEMA DE ACUEDUCTO DEL MUNICIPIO DE TURBO,Obras por Impuestos,0,0,Liquidado Contrato Obra
2021-08-28T00:00:00.000,2024-04-04T00:00:00.000,05,ANTIOQUIA,5837,Turbo(ANT),Nueva Población Beneficiada Alcantarillado Urbano,"CONSTRUCCIÓN REDES DE ALCANTARILLADO DISTRITO SUR Y ESTACIÓN DE BOMBEO DE AGUAS RESIDUALES LA YUQUITA, FASE 1 – MUNICIPIO DE TURBO",PGN,22029626267,2500000000,En Liquidación
2020-12-18T00:00:00.000,2024-04-04T00:00:00.000,05,ANTIOQUIA,5837,Turbo(ANT),Nueva Población Beneficiada Alcantarillado Urbano,"CONSTRUCCIÓN EXTENSIÓN CONSTRUCCIÓN REDES DE ALCANTARILLADO DEL BARRIO OBRERO MUNICIPIO TURBO, ANTIOQUIA, OCCIDENTE TURBO",Obras por Impuestos,0,0,Liquidado Contrato Obra
2021-06-30T00:00:00.000,2024-04-04T00:00:00.000,05,ANTIOQUIA,5031,Amalfi(ANT),Nueva Población Beneficiada Acueducto Rural,CONSTRUCCIÓN ACUEDUCTO VEREDA CARACOLÍ MUNICIPIO DE AMALFI,Obras por Impuestos,0,0,Liquidado Contrato Obra
2022-03-15T00:00:00.000,2024-04-04T00:00:00.000,15,BOYACA,15332,Guican(BOY),Nueva Población Beneficiada Acueducto Urbano,OPTIMIZACIÓN DE REDES DE ALCANTARILLADO Y DEL SISTEMA DE ACUEDUCTO DEL MUNICIPIO DE GÜICAN DE LA SIERRA,PDA,0,2462043630,Liquidado Contrato Obra
2020-09-07T00:00:00.000,2024-04-04T00:00:00.000,68,SANTANDER,68344,Hato(SAN),Nueva Población Beneficiada Alcantarillado Urbano,"AMPLIACION Y OPTIMIZACION SISTEMA DE ALCANTARILLADO SANITARIO E INTERCEPTORES PLUVIALES, CASCO URBANO MUNICIPIO DE HATO",PGN,3073478990,269447756,Liquidado Contrato Obra
2021-04-30T00:00:00.000,2024-04-04T00:00:00.000,19,CAUCA,"19142, 19698","Caloto(CAU), Santander De Quilichao(CAU)",Nueva Población Beneficiada Alcantarillado Rural,"CONSTRUCCIÓN DE SISTEMAS INDIVIDUALES DE SANEAMIENTO BÁSICO PARA LAS VEREDAS PALESTINA, SANTA MARIA DE SANTANDER DE QUILICHAO Y LA VEREDA  MORALES DEL MUNICIPIO DE CALOTO - PDET",Obras por Impuestos,0,0,Liquidado Contrato Obra
2018-11-06T00:00:00.000,2024-04-04T00:00:00.000,27,CHOCO,27006,Acandi(CHO),Nueva Población Beneficiada Acueducto Rural,OPTIMIZACIÓN Y AMPLIACIÓN DEL SISTEMA DE ACUEDUCTO DEL CORREGIMIENTO DE CAPURGANA MUNICIPIO DE ACANDI,Todos Por el Pacífico,7891517828,0,Terminado
2019-11-08T00:00:00.000,2024-04-04T00:00:00.000,27,CHOCO,27006,Acandi(CHO),Nueva Población Beneficiada Acueducto Urbano,OPTIMIZACIÓN Y AMPLIACIÓN DEL SISTEMA DE ACUEDUCTO DEL MUNICIPIO DE ACANDI,Todos Por el Pacífico,11929315274,0,Terminado
2024-02-20T00:00:00.000,2024-04-04T00:00:00.000,20,CESAR,20175,Chimichagua(CES),Nueva Población Beneficiada Alcantarillado Rural,"CONSTRUCCIÓN DE LAS REDES DE ALCANTARILLADO SANITARIO, ESTACIONES DE BOMBEO Y SISTEMAS DE TRATAMIENTO DE AGUAS RESIDUALES DEL CORREGIMIENTO DE SALOA MUNICIPIO DE CHIMICHAGUA-CESAR",PGN,7737967301,3473414557,Terminado
2020-02-27T00:00:00.000,2024-04-04T00:00:00.000,52,NARIÑO,52687,San Lorenzo(NAR),Nueva Población Beneficiada Alcantarillado Urbano,"MEJORAMIENTO DE LAS CONDICIONES DE SANEAMIENTO RURAL MEDIANTE LA IMPLEMENTACIÓN DE ACCIONES DE DESCONTAMINACIÓN, EDUCACIÓN Y PRESERVACIÓN AMBIENTAL EN LA CUENCA DEL RIO JUANAMBU, MUNICIPIO DE SAN LORENZO -NARIÑO",PDA,0,1466418062,Terminado
2019-07-20T00:00:00.000,2024-04-04T00:00:00.000,05,ANTIOQUIA,5045,Apartadó(ANT),Nueva Población Beneficiada Acueducto Urbano,CONSTRUCCIÓN POZO PROFUNDO Y  OBRAS ACCESORIAS PARA NUEVA FUENTE DE CAPTACIÓN DE AGUA SUBTERRÁNEA  DEL SISTEMA DE ACUEDUCTO EN EL MUNICIPIO DE APARTADÓ,PGN,3559506445,30144552,Liquidado
2020-09-15T00:00:00.000,2024-04-04T00:00:00.000,47,MAGDALENA,47058,Ariguani(MAG),Nueva Población Beneficiada Acueducto Urbano,CONSTRUCCIÓN DE LA LINEA DE CONDUCCIÓN DE LA EBAP 2 A LA EBAP 3 DEL SISTEMA DE ACUEDUCTO DEL MUNICIPIO DE ARIGUANI (POI 3),PDA,0,5387214653,Liquidado Contrato Obra
2019-01-15T00:00:00.000,2024-04-04T00:00:00.000,17,CALDAS,17380,La Dorada(CAL),Nueva Población Beneficiada Alcantarillado Urbano,OPTIMIZACION REDES DE ALCANTARILLADO BARRIO LAS FERIAS III FASE EN EL MUNICIPIO DE LA DORADA,PGN,5342170422,87380067,Liquidado
2018-11-24T00:00:00.000,2024-04-04T00:00:00.000,44,LA GUAJIRA,44430,Maicao(LA ),Nueva Población Beneficiada Acueducto Urbano,"PRESURIZACION RED DE ACUEDUCTO, INCLUYE PROYECTO PILOTO, MICROMEDICION, ELIMINACION DE FRAUDES Y PROCESO DE DIVULGACION Y CAMPAÑAS DE SOCIALIZACION DEL MUNICIPIO DE MAICAO",PDA,0,8788796454,Terminado
2019-12-20T00:00:00.000,2024-04-04T00:00:00.000,27,CHOCO,27099,Bojaya (bellavista)(CHO),Nueva Población Beneficiada Acueducto Urbano,OPTIMIZACION DEL SISTEMA DE ACUEDUCTO DE LA CABECERA MUNICIPAL DE BOJAYA,PGN,4560847254,0,Liquidado
2019-07-02T00:00:00.000,2024-04-04T00:00:00.000,70,SUCRE,70670,Sampues(SUC),Nueva Población Beneficiada Acueducto Urbano,OPTIMIZACION Y AMPLIACION DEL SISTEMA DE ACUEDUCTO DE LA CABECERA DE SAMPUES FASE I,PDA,5540140406,3849567780,Terminado
2019-09-30T00:00:00.000,2024-04-04T00:00:00.000,47,MAGDALENA,47053,Aracataca(MAG),Nueva Población Beneficiada Acueducto Rural,"OPTIMIZACIÓN Y AMPLIACIÓN DEL SISTEMA DE ACUEDUCTO DE LOS CORREGIMIENTOS DE BUENOS AIRES Y SAMPUÉS DEL MUNICIPIO DE ARACATACA, DEPARTAMENTO DEL MAGDALENA",PDA,0,6292128227,Liquidado Contrato Obra
2020-07-13T00:00:00.000,2024-04-04T00:00:00.000,86,PUTUMAYO,86885,Villagarzon(PUT),Nueva Población Beneficiada Alcantarillado Rural,"CONSTRUCCIÓN UNIDAD SANITARIA Y SISTEMA DE TRATAMIENTO PREFABRICADO PARA VIVIENDAS DISPERSAS, MUNICIPIO DE VILLAGRAZÓN",Obras por Impuestos,0,0,Liquidado
2018-12-31T00:00:00.000,2024-04-04T00:00:00.000,86,PUTUMAYO,86320,Orito(PUT),Nueva Población Beneficiada Acueducto Urbano,"CONSTRUCCION SISTEMA DE CAPTACION, DESARENADOR Y CONDUCCION EN LA QUEBRADA LA FRAGUA PARA EL ACUEDUCTO DEL CASCO URBANO MUNICIPIO DE ORITO",PDA,2538295539,648582521,Terminado
2020-02-28T00:00:00.000,2024-04-04T00:00:00.000,63,QUINDIO,63190,Circasia(QUI),Nueva Población Beneficiada Acueducto Rural,CONSTRUCCIÓN DE LA LÍNEA DE EXPANSIÓN DEL SISTEMA DE ACUEDUCTO HACIA EL SECTOR RURAL DEL MUNICIPIO DE CIRCASIA SECTOR HOJAS ANCHAS Y LA CRISTALINA,PGN,3560314006,0,Liquidado
2021-02-11T00:00:00.000,2024-04-04T00:00:00.000,44,LA GUAJIRA,44430,Maicao(LA ),Nueva Población Beneficiada Acueducto Rural,IMPLEMENTACIÓN MODELO DE DISTRIBUCIÓN DE AGUA POTABLE PARA LAS COMUNIDADES INDÍGENAS WAYÚU DE LA ZONA RURAL DISPERSA DEL MUNICIPIO DE MAICAO - LA GUAJIRA MAICAO,Obras por Impuestos,0,0,En Liquidación
2021-03-04T00:00:00.000,2024-04-04T00:00:00.000,13,BOLIVAR,13657,San Juan Nepomuceno(BOL),Nueva Población Beneficiada Acueducto Urbano,CONSTRUCCION DE OBRAS PARA LA OPTIMIZACION DEL ACUEDUCTO DE LA CABECERA MUNICIPAL DE SAN JUAN NEPOMUCENO.,PDA,0,4758252788,En Liquidación
2019-02-14T00:00:00.000,2024-04-04T00:00:00.000,73,TOLIMA,73675,San Antonio(TOL),Nueva Población Beneficiada Acueducto Urbano,OPTIMIZACION DEL SISTEMA DE SUMINISTRO DE AGUA PARA EL ACUEDUCTO DEL MUNICIPIO DE SAN ANTONIO,Contrato Plan,2370473240,290704118,Liquidado
2019-08-02T00:00:00.000,2024-04-04T00:00:00.000,08,ATLANTICO,8685,Santo Tomás(ATL),Nueva Población Beneficiada Acueducto Urbano,CONSTRUCCION SISTEMA DE ACUEDUCTO BARRIO LA ARENOSA MUNICIPIO DE SANTO TOMAS,PDA,906790312,19990696,Terminado
2018-11-24T00:00:00.000,2024-04-04T00:00:00.000,19,CAUCA,19585,Puracé(CAU),Nueva Población Beneficiada Alcantarillado Urbano,"CONSTRUCCION, OBRAS DE OPTIMIZACION Y AMPLIACION SISTEMA DE ALCANTARILLADO SANITARIO CABECERA MUNICIPAL COCONUCO MUNICIPIO DE PURACE",PDA,1639767714,2483160334,Liquidado Contrato Obra
2018-12-17T00:00:00.000,2024-04-04T00:00:00.000,52,NARIÑO,52001,Pasto(NAR),Nueva Población Beneficiada Alcantarillado Urbano,CONSTRUCCION COLECTOR ARANDA MUNICIPIO DE PASTO,PGN,18756082361,162601600,Liquidado
2019-12-27T00:00:00.000,2024-04-04T00:00:00.000,52,NARIÑO,52693,San Pablo(NAR),Nueva Población Beneficiada Alcantarillado Rural,CONSTRUCCIÓN UNIDADES SANITARIAS PARA EL MEJORAMIENTO DE LAS CONDICIONES DE SANEAMIENTO DE LA ZONA RURAL DEL MUNICIPIO DE SAN PABLO,PGN,2566333012,0,Liquidado
2021-03-26T00:00:00.000,2024-04-04T00:00:00.000,13,BOLIVAR,13160,Cantagallo(BOL),Nueva Población Beneficiada Alcantarillado Rural,CONSTRUCCIÓN DE 150 UNIDADES SANITARIAS PARA VIVIENDAS DISPERSAS EN LA ZONA BAJA DEL ÁREA RURAL DEL MUNICIPIO DE CANTAGALLO,Obras por Impuestos,0,0,En Liquidación
2020-06-30T00:00:00.000,2024-04-04T00:00:00.000,47,MAGDALENA,"47053, 47058, 47161, 47460, 47555","Aracataca(MAG), Ariguani(MAG), Cerro San Antonio(MAG), Nueva Granada(MAG), Plato(MAG)",Nueva Población Beneficiada Acueducto Urbano,"CONSTRUCCIÓN DE LAS REDES DE ACUEDUCTO Y ALCANTARILLADO DE LOS MUNICIPIOS DE ARACATACA, NUEVA GRANADA, ARIGUANÍ, PLATO Y CERRO DE SAN ANTONIO, EN EL DEPARTAMENTO DEL MAGDALENA",PDA,0,29519963930,Terminado
2020-06-30T00:00:00.000,2024-04-04T00:00:00.000,47,MAGDALENA,"47053, 47058, 47161, 47460, 47555","Aracataca(MAG), Ariguani(MAG), Cerro San Antonio(MAG), Nueva Granada(MAG), Plato(MAG)",Nueva Población Beneficiada Alcantarillado Urbano,"CONSTRUCCIÓN DE LAS REDES DE ACUEDUCTO Y ALCANTARILLADO DE LOS MUNICIPIOS DE ARACATACA, NUEVA GRANADA, ARIGUANÍ, PLATO Y CERRO DE SAN ANTONIO, EN EL DEPARTAMENTO DEL MAGDALENA",PDA,0,29519963930,Terminado
2020-12-09T00:00:00.000,2024-04-04T00:00:00.000,47,MAGDALENA,47170,Chivolo(MAG),Nueva Población Beneficiada Alcantarillado Rural,"CONSTRUCCION DEL SISTEMA DE ALCANTARILLADO SANITARIO DEL CORREGIMIENTO DE LA ESTRELLA, MUNICIPIO DE CHIBOLO",PDA,0,2732924997,Terminado
2019-04-27T00:00:00.000,2024-04-04T00:00:00.000,47,MAGDALENA,47268,El Reten(MAG),Nueva Población Beneficiada Alcantarillado Urbano,CONSTRUCCION DEL SISTEMA DE ALCANTARILLADO SANITARIO DEL MUNICIPIO DE EL RETEN,PDA,756862257,9531403911,Terminado
2020-09-30T00:00:00.000,2024-04-04T00:00:00.000,47,MAGDALENA,47170,Chivolo(MAG),Nueva Población Beneficiada Alcantarillado Rural,CONSTRUCCION DEL SISTEMA DE ALCANTARILLADO DEL CORREGIMIENTO DE LA CHINA MUNICIPIO DE CHIBOLO,PDA,0,3700155442,Terminado
2020-12-17T00:00:00.000,2024-04-04T00:00:00.000,47,MAGDALENA,47001,Santa Marta(MAG),Nueva Población Beneficiada Alcantarillado Urbano,CONSTRUCCION ALCANTARILLADO SANITARIO ETAPA II E INSTALACION REDES DE ALCANTARILLADO SANITARIO ETAPA I EN EL SISTEMA SUR EN SANTA MARTA,PDA,8499032669,6192170960,Terminado
2020-03-06T00:00:00.000,2024-04-04T00:00:00.000,47,MAGDALENA,47053,Aracataca(MAG),Nueva Población Beneficiada Alcantarillado Rural,"CONSTRUCCIÓN DEL SISTEMA DE ALCANTARILLADO SANITARIO EN EL CORREGIMIENTO DE CAUCA, MUNICIPIO DE ARACATACA",PDA,0,2623331888,Terminado
2021-03-19T00:00:00.000,2024-04-04T00:00:00.000,47,MAGDALENA,47555,Plato(MAG),Nueva Población Beneficiada Acueducto Rural,"OPTIMIZACIÓN Y AMPLIACIÓN DEL SISTEMA DE ACUEDUCTO DEL CORREGIMIENTO DE DISCIPLINA, MUNICIPIO DE PLATO, DEPARTAMENTO DEL MAGDALENA",PDA,0,1378884932,Terminado
2019-05-31T00:00:00.000,2024-04-04T00:00:00.000,47,MAGDALENA,47030,Algarrobo(MAG),Nueva Población Beneficiada Alcantarillado Urbano,CONSTRUCCION DEL SISTEMA DE ALCANTARILLADO DEL MUNICIPIO DE ALGARROBO FASE I,PDA,0,13277389818,En Liquidación
2019-07-11T00:00:00.000,2024-04-04T00:00:00.000,47,MAGDALENA,47551,Pivijay(MAG),Nueva Población Beneficiada Acueducto Rural,"CONSTRUCCIÓN DEL SISTEMA DE ACUEDUCTO DEL  CORREGIMIENTO DE PIÑUELAS, MUNICIPIO DE PIVIJAY, DEPARTAMENTO DEL MAGDALENA",PDA,0,1768846273,En Liquidación
2021-08-05T00:00:00.000,2024-04-04T00:00:00.000,73,TOLIMA,73671,Saldaña(TOL),Nueva Población Beneficiada Acueducto Urbano,CONSTRUCCION DE UNA FUENTE ALTERNA DE SUMINISTRO PARA EL SISTEMA DE ACUEDUCTO CASCO URBANO DEL MUNICIPIO DEL SALDAÑA.,PDA,762687044,1290149730,Terminado
2019-11-30T00:00:00.000,2024-04-04T00:00:00.000,13,BOLIVAR,13620,San Cristobal(BOL),Nueva Población Beneficiada Alcantarillado Urbano,CONSTRUCCION DEL SISTEMA DE ALCANTARILLADO Y TRATAMIENTO DE AGUAS RESIDUALES PARA LA CABECERA DEL MUNICIPIOL DE SAN CRISTOBAL ETAPA I - BOLIVAR,PDA,0,4350743694,En Liquidación
2018-10-31T00:00:00.000,2024-04-04T00:00:00.000,68,SANTANDER,68179,Chipata(SAN),Nueva Población Beneficiada Alcantarillado Urbano,PLAN MAESTRO DE ALCANTARILLADO SANITARIO Y PLUVIAL DEL MUNICIPIO DE CHIPATA.,PDA,537559101,2736918211,Liquidado Contrato Obra
2019-06-30T00:00:00.000,2024-04-04T00:00:00.000,05,ANTIOQUIA,5209,Concordia(ANT),Nueva Población Beneficiada Acueducto Urbano,CONSTRUCCIÓN DEL PLAN MAESTRO DE ACUEDUCTO DEL MUNICIPIO DE CONCORDIA ETAPA II,PDA,0,3042608871,Liquidado
2019-05-17T00:00:00.000,2024-04-04T00:00:00.000,44,LA GUAJIRA,44035,Albania(LA ),Nueva Población Beneficiada Acueducto Urbano,CONSTRUCION DEL NUEVO ACUEDUCTO PARA LA CABECERA MUNICIPAL DE ALBANIA FASE I,PDA,0,11038602804,Terminado
2019-06-17T00:00:00.000,2024-04-04T00:00:00.000,41,HUILA,41518,Paicol(HUI),Nueva Población Beneficiada Alcantarillado Urbano,CONSTRUCCIÓN PLANTA DE TRATAMIENTO DE AGUAS RESIDUALES DOMESTICAS CASCO URBANO DEL MUNICIPIO DE PAICOL-HUILA,PDA,0,1533655867,Liquidado
2019-06-23T00:00:00.000,2024-04-04T00:00:00.000,91,AMAZONAS,91460,Mirití - Paraná(AMA),Nueva Población Beneficiada Acueducto Rural,"CONSTRUCCION DEL SISTEMA DE ACUEDUCTO CENTRO POBLADO E INTERNADO DEL CORREGIMIENTO MIRITI PARANA ( (BARCAZA FLOTANTE, LINEA DE ADUCCIO, PTAP, ALMACENAMIENTO Y RED DE DISTRIBUCION)",PDA,131388019,2982358900,Liquidado
2018-12-31T00:00:00.000,2024-04-04T00:00:00.000,68,SANTANDER,68307,Giron(SAN),Nueva Población Beneficiada Acueducto Rural,"CONSTRUCCIÓN RED SECUNDARIA DE DISTRIBUCIÓN DE ACUEDUCTO Y TANQUE DE ALMACENAMIENTO SECTORES ALTOS DE NAZARETH, EL NILO, LA PANADERÍA Y PARADA DE PABLO DE LA VEREDA RUITOQUE DEL MUNICIPIO DE GIRÓN",Tasa Compensada,0,1094691057,Terminado
2019-06-28T00:00:00.000,2024-04-04T00:00:00.000,47,MAGDALENA,47030,Algarrobo(MAG),Nueva Población Beneficiada Alcantarillado Urbano,"CONSTRUCCIÓN DEL SISTEMA DE ALCANTARILLADO  SANITARIO DEL MUNICIPIO DE ALGARROBO, MAGDALENA - FASE II",PGN,7180803864,0,Liquidado
2019-12-28T00:00:00.000,2024-04-04T00:00:00.000,25,CUNDINAMARCA,25807,Tibirita(CUN),Nueva Población Beneficiada Acueducto Urbano,CONSTRUCCION DE LAS OBRAS DE OPTIMIZACION DE LOS SISTEMAS DE ACUEDUCTO DEL MUNICIPIO DE TIBIRITA,PDA,0,604532366,Liquidado Contrato Obra
2021-11-30T00:00:00.000,2024-04-04T00:00:00.000,44,LA GUAJIRA,44430,Maicao(LA ),Nueva Población Beneficiada Acueducto Rural,"CONSTRUCCIÓN DE OBRAS EN EL PUNTO DE PRODUCCIÓN, SISTEMA DE TRATAMIENTO OSMOSIS INVERSA, CONSTRUCCIÓN PILAS AFERENTES, SUMINISTRO DE DOTACIÓN PARA PILAS, COMPONENTE SOCIAL Y ASEGURAMIENTO EN LA COMUNIDAD DE AMARIPA, MUNICIPIO DE MAICAO, LA GUAJIRA",Obras por Impuestos,0,0,Terminado
2020-09-29T00:00:00.000,2024-04-04T00:00:00.000,15,BOYACA,15109,Buenavista(BOY),Nueva Población Beneficiada Alcantarillado Urbano,CONSTRUCCION DEL PLAN MAESTRO DE ALCANTARILLADO COMBINADO DE BUENAVISTA-BOYACA,PDA,0,2697431466,Liquidado Contrato Obra
2021-07-29T00:00:00.000,2024-04-04T00:00:00.000,41,HUILA,41001,Neiva(HUI),Nueva Población Beneficiada Alcantarillado Urbano,"CONSTRUCCION DEL ALCANTARILLADO SANITARIO BARRIO BARREIRO COMPRENDIDO ENTRE CALLES 27 A 29 Y CARRERAS 52"" A 55""; BARRIO MIRAFLORES COMPRENDIDO ENTRE CALLES 22 A 24 Y CARRERAS 55"" A 63; BARRIO PLAMAS II  COMPRENDIDO ENTRE CALLES 22 A 20 Y CARRERAS 63 A 64; BARRIO NEIVA  YA COMPRENDIDO ENTRE CALLES 20"" A 19 Y CARRERAS 61"" A 64 Y TRAMOS  DE CONEXIÓN CON EL INTERCEPTOR DEL RIO LAS CEIBAS. SECTOR LA MEDIA  LUNA COMUNA 10 DE LA CIUDAD DE NEIVA - HUILA. FASE III",PDA,535500000,7536685849,Liquidado
2022-03-02T00:00:00.000,2024-04-04T00:00:00.000,44,LA GUAJIRA,44001,Riohacha(LA ),Nueva Población Beneficiada Acueducto Urbano,AMPLIACIÓN DE REDES DE ACUEDUCTO EN EL DISTRITO DE RIOHACHA,Obras por Impuestos,0,0,Liquidado
2021-06-25T00:00:00.000,2024-04-04T00:00:00.000,15,BOYACA,15442,Maripi(BOY),Nueva Población Beneficiada Acueducto Urbano,CONSTRUCCION PLAN MAESTRO DE ACUEDUCTO Y ALCANTARILLADO FASE I MUNICIPIO DE MARIPI,PDA,987129526,442990290,En Liquidación
2021-06-25T00:00:00.000,2024-04-04T00:00:00.000,15,BOYACA,15442,Maripi(BOY),Nueva Población Beneficiada Alcantarillado Urbano,CONSTRUCCION PLAN MAESTRO DE ACUEDUCTO Y ALCANTARILLADO FASE I MUNICIPIO DE MARIPI,PDA,987129526,442990290,En Liquidación
2021-09-06T00:00:00.000,2024-04-04T00:00:00.000,63,QUINDIO,63001,Armenia(QUI),Nueva Población Beneficiada Alcantarillado Urbano,"OPTIMIZACION DE ALCANTARILLADOS BARRIOS LA MIRANDA, CIUDADELA, NUEVO ARMENIA Y LA LINDA DE, MUNICIPIO DE ARMENIA",PGN,2170210481,261828929,En Liquidación
2018-11-06T00:00:00.000,2024-04-04T00:00:00.000,20,CESAR,20060,Bosconia(CES),Nueva Población Beneficiada Acueducto Urbano,ELABORACION PLAN MAESTRO DE ACUEDUCTO Y DISEÑOS DE DETALLE PARA LA OPTIMIZACION DEL ACUEDUCTO DE LA CABECERA MUNICIPAL DE BOSCONIA CESAR,PGN,1265619777,0,Liquidado
2019-02-28T00:00:00.000,2024-04-04T00:00:00.000,47,MAGDALENA,47960,Zapayan(MAG),Nueva Población Beneficiada Alcantarillado Urbano,CONSTRUCCION DEL SISTEMA DE  ALCANTARILLADO SANITARIO DE LA CABECERA DEL MUNICIPIO DE ZAPAYÁN,PDA,0,5296151252,Liquidado Contrato Obra
2020-07-31T00:00:00.000,2024-04-04T00:00:00.000,88,SAN ANDRES,88001,San Andres(SAN),Nueva Población Beneficiada Alcantarillado Urbano,CONSTRUCCION DEL SISTEMA DE ALCANTARILLADO SANITARIO DEL DISTRITO NO. 4 (INCLUYE ESTACION DE BOMBEO Y REDES SECUNDARIAS ) SAN ANDRES,PGN,31546817421,0,Terminado
2020-09-07T00:00:00.000,2024-04-04T00:00:00.000,25,CUNDINAMARCA,25372,Junín(CUN),Nueva Población Beneficiada Alcantarillado Urbano,CONSTRUCCION DE LA PLANTA DE TRATAMIENTO DE AGUAS RESIDUALES (PTAR) DEL CASCO URBANO DEL MUNICIPIO DE JUNIN,PDA,0,1313423785,Terminado
2020-09-29T00:00:00.000,2024-04-04T00:00:00.000,25,CUNDINAMARCA,25862,Vergara(CUN),Nueva Población Beneficiada Alcantarillado Urbano,CONSTRUCCION  PARA LA OPTIMIZACION DEL SISTEMA DE ALCANTARILLADO DEL CENTRO URBANO MUNICIPIO DE VERGARA,PDA,0,2144711617,Terminado
2020-02-03T00:00:00.000,2024-04-04T00:00:00.000,50,META,50001,Villavicencio(MET),Nueva Población Beneficiada Alcantarillado Urbano,CONSTRUCCION ALCANTARILLADO PLUVIAL EN EL BARRIO SAN CARLOS EN EL MUNICIPIO DE VILLAVICENCIO,PGN,6559012246,0,Liquidado
2021-07-29T00:00:00.000,2024-04-04T00:00:00.000,73,TOLIMA,73055,Armero (guayabal)(TOL),Nueva Población Beneficiada Acueducto Urbano,MEJORAMIENTO DEL SISTEMA DE ACUEDUCTO URBANO SEGÚN PLAN MAESTRO DEL MUNICIPIO DE ARMERO GUAYABAL - TOLlMA,PDA,2000000000,9096606923,Terminado
2019-12-22T00:00:00.000,2024-04-04T00:00:00.000,70,SUCRE,70215,Corozal(SUC),Nueva Población Beneficiada Alcantarillado Urbano,CONSTRUCCION DEL SISTEMA DE ALCANTARILLADO SANITARIO PARA LOS BARRIOS LA PAZ Y MONSERRATE EN LA ZONA URBANA DEL MUNICIPIO DE COROZAL,PGN,2436836416,0,Liquidado
2021-05-28T00:00:00.000,2024-04-04T00:00:00.000,13,BOLIVAR,13838,Turbaná(BOL),Nueva Población Beneficiada Acueducto Urbano,CONSTRUCCIÓN DEL SISTEMA DE ACUEDUCTO DEL MUNICIPIO DE TURBANA - BOLIVAR,PDA,0,17622793448,Terminado
2019-07-24T00:00:00.000,2024-04-04T00:00:00.000,13,BOLIVAR,13490,Norosí(BOL),Nueva Población Beneficiada Acueducto Urbano,"CONSTRUCCION, AMPLIACION, OPTIMIZACION Y/O REHABILITACION DEL SISTEMA DE ACUEDUCTO DE LA CABECERA MUNICIPAL DE NOROSI",PDA,2084347940,468439288,En Liquidación
2020-10-17T00:00:00.000,2024-04-04T00:00:00.000,86,PUTUMAYO,86001,Mocoa(PUT),Nueva Población Beneficiada Alcantarillado Urbano,ADQUISICIÓN DE UN EQUIPO DE PRESIÓN SUCCIÓN MUNICIPIO DE MOCOA,BID,1620000000,0,Liquidado
2020-08-04T00:00:00.000,2024-04-04T00:00:00.000,27,MAGDALENA,47288,Fundacion(MAG),Nueva Población Beneficiada Alcantarillado Urbano,AMPLIACIÓN Y OPTIMIZACIÓN DEL SISTEMA DE ALCANTARILLADO SANITARIO DEL MUNICIPIO DE FUNDACIÓN ETAPA II,PGN,36537888134,0,Liquidado
2018-09-27T00:00:00.000,2024-04-04T00:00:00.000,68,CHOCO,27050,Atrato(CHO),Nueva Población Beneficiada Alcantarillado Urbano,CONSTRUCCION DEL SISTEMA DE ALCANTARILLADO DEL MUNICIPIO DE ATRATO,Todos Por el Pacífico,6493246693,0,Terminado
2019-06-26T00:00:00.000,2024-04-04T00:00:00.000,44,SANTANDER,68307,Giron(SAN),Nueva Población Beneficiada Alcantarillado Urbano,OBRAS COMPLEMENTARIAS ETAPA II FASE 2 - REACTOR UASB 5 DE LA PTAR RIO FRIO MUNICIPIO DE GIRON,PGN,2489884597,0,Liquidado
2021-06-12T00:00:00.000,2024-04-04T00:00:00.000,68,LA GUAJIRA,44430,Maicao(LA ),Nueva Población Beneficiada Acueducto Rural,MODELO DE DISTRIBUCION DE AGUA POTABLE PARA LAS COMUNIDADES INDIGENAS WAYÚU DE LA ZONA RURAL DISPERSA DEL MUNICIPIO DE MAICAO-LA GUAJIRA,Obras por Impuestos,0,0,Terminado
2020-02-12T00:00:00.000,2024-04-04T00:00:00.000,25,SANTANDER,68547,Piedecuesta(SAN),Nueva Población Beneficiada Acueducto Urbano,"CONSTRUCCION DEL SISTEMA DE DISTRIBUCION DE AGUA POTABLE SECTOR CIUDAD TEYUNA FASE II, MUNICIPIO DE PIEDECUESTA",PGN,2705732267,20025087,Liquidado Contrato Obra
2020-03-15T00:00:00.000,2024-04-04T00:00:00.000,86,CUNDINAMARCA,25524,Pandi(CUN),Nueva Población Beneficiada Acueducto Urbano,OPTIMIZACIÓN DE REDES PRINCIPALES Y CONSTRUCCIÓN DE REDES SECUNDARIAS ACUEDUCTO REGIONAL DE PANDI CUNDINAMARCA FASE III,PDA,0,1702522308,Liquidado
2021-03-31T00:00:00.000,2024-04-04T00:00:00.000,86,PUTUMAYO,86001,Mocoa(PUT),Nueva Población Beneficiada Acueducto Urbano,"COMPONENTE 4. FORTALECIMIENTO DE CAPACIDADES  Y EDUCACIÓN SANITARIA Y AMBIENTAL EN EL MUNICIPIO DE MOCOA, DEPARTAMENTO DE PUTUMAYO",BID,1119471080,0,Liquidado
2021-03-31T00:00:00.000,2024-04-04T00:00:00.000,73,PUTUMAYO,86001,Mocoa(PUT),Nueva Población Beneficiada Alcantarillado Urbano,"COMPONENTE 4. FORTALECIMIENTO DE CAPACIDADES  Y EDUCACIÓN SANITARIA Y AMBIENTAL EN EL MUNICIPIO DE MOCOA, DEPARTAMENTO DE PUTUMAYO",BID,1119471080,0,Liquidado
2021-04-14T00:00:00.000,2024-04-04T00:00:00.000,66,TOLIMA,73268,Espinal(TOL),Nueva Población Beneficiada Acueducto Urbano,OBRAS PRIORITARIAS DEL SISTEMA DE ACUEDUCTO FASE I  DEL MUNICPIO DE ESPINAL,PGN,8264612678,864335231,Terminado
2020-06-17T00:00:00.000,2024-04-04T00:00:00.000,66,RISARALDA,66001,Pereira(RIS),Nueva Población Beneficiada Alcantarillado Urbano,OBRAS DE OPTIMIZACIÓN CANALIZACIÓN QUEBRADA EGOYÁ MUNICIPIO DE PEREIRA,Tasa Compensada,0,21666124214,Liquidado
2020-01-08T00:00:00.000,2024-04-04T00:00:00.000,23,RISARALDA,66001,Pereira(RIS),Nueva Población Beneficiada Alcantarillado Urbano,SUMINISTRO Y OBRAS CIVILES PARA LA CONSTRUCCION DEL TRASVASE DE AGUAS RESIDUALES DE LA ZONA DE DRENAJES DEL RIO CONSOTA A LA ZONA DE DRENAJES DEL RIO OTUN Y DESCARGA PROVISIONAL MUNICIPIO DE PEREIRA,Tasa Compensada,0,13795047162,Liquidado
2023-09-18T00:00:00.000,2024-04-04T00:00:00.000,05,CORDOBA,23660,Sahagun(COR),Nueva Población Beneficiada Acueducto Urbano,OPTIMIZACION Y AMPLIACION DEL SISTEMA DE ACUEDUCTO EN EL MUNICIPIO DE SAHAGUN FASE II (ACT),PGN,6118679519,4199093788,Terminado
2018-12-16T00:00:00.000,2024-04-04T00:00:00.000,52,ANTIOQUIA,5142,Caracolí(ANT),Nueva Población Beneficiada Alcantarillado Urbano,CONSTRUCCIÓN DEL PLAN MAESTRO DE ACUEDUCTO Y ALCANTARILLADO DE LA ZONA URBANA DEL MUNICIPIO DE CARACOLI- ETAPA 1 - ANTIOQUIA,PDA,0,3393507564,Liquidado
2022-09-15T00:00:00.000,2024-04-04T00:00:00.000,15,NARIÑO,52693,San Pablo(NAR),Nueva Población Beneficiada Alcantarillado Rural,"OPTIMIZACION DEL ALCANTARILLADO  DEL CORREGIMIENTO DE BRICEÑO,  MUNICIPIO DE SAN PABLO",PDA,0,2711410015,Liquidado
2023-02-20T00:00:00.000,2024-04-04T00:00:00.000,05,BOYACA,15464,Mongua(BOY),Nueva Población Beneficiada Acueducto Rural,"CONSTRUCCIÓN DE OBRAS DE OPTIMIZACION PARA LOS SISTEMAS DE ACUEDUCTOS RURALES, PALO ARMADO Y PANTANO GRANDE, MUNICIPIO DE MONGUA",PGN,1867821941,19347474,En Liquidación
2022-03-27T00:00:00.000,2024-04-04T00:00:00.000,66,ANTIOQUIA,5310,Gómez Plata(ANT),Nueva Población Beneficiada Alcantarillado Urbano,"CONSTRUCCIÓN DE REDES DE ALCANTARILLADO EN LOS BARRIOS CAMELLÓN, OBRERO, LOURDES Y LOS SECTORES EL COLEGIO Y LA CARRERA 51 DEL MUNICIPIO DE GÓMEZ PLATA",PGN,4760119249,2387613164,En Liquidación
2021-10-11T00:00:00.000,2024-04-04T00:00:00.000,66,RISARALDA,66594,Quinchía(RIS),Nueva Población Beneficiada Acueducto Urbano,OPTIMIZACIÓN PLANTA DE TRATAMIENTO DE AGUA POTABLE DEL MUNICIPIO DE QUINCHÍA,PDA,0,550252622,Terminado
2019-07-31T00:00:00.000,2024-04-04T00:00:00.000,66,RISARALDA,66572,Pueblo Rico(RIS),Nueva Población Beneficiada Acueducto Urbano,IMPLEMENTACION DEL PLAN MAESTRO DE ACUEDUCTO Y ALCANTARILLADO FASE I PUEBLO RICO,PDA,0,2353900542,Terminado
2019-07-31T00:00:00.000,2024-04-04T00:00:00.000,66,RISARALDA,66572,Pueblo Rico(RIS),Nueva Población Beneficiada Alcantarillado Urbano,IMPLEMENTACION DEL PLAN MAESTRO DE ACUEDUCTO Y ALCANTARILLADO FASE I PUEBLO RICO,PDA,0,2353900542,Terminado
2019-03-26T00:00:00.000,2024-04-04T00:00:00.000,54,RISARALDA,66572,Pueblo Rico(RIS),Nueva Población Beneficiada Acueducto Rural,OPTIMIZACION DEL SISTEMA DE ACUEDUCTO DEL CORREGIMIENTO DE SANTA CECILIA MUNICIPIO DE PUEBLO RICO,PDA,1298418080,266731626,Terminado
2019-07-26T00:00:00.000,2024-04-04T00:00:00.000,54,N DE SANTANDER,54673,San Cayetano(N D),Nueva Población Beneficiada Acueducto Rural,OPTIMIZACION ADUCCION ACUEDUCTO CORREGIMIENTO DE CORNEJO MUNICIPIO DE SAN CAYETANO,PDA,1827179844,104011892,Terminado
2021-12-30T00:00:00.000,2024-04-04T00:00:00.000,54,N DE SANTANDER,54518,Pamplona(N D),Nueva Población Beneficiada Alcantarillado Urbano,CONEXION DE VERTIMIENTOS PRINCIPALES AL SISTEMA DE ALCANTARILLADO URBANO DE PAMPLONA,PDA,0,824337454,Terminado
2021-03-23T00:00:00.000,2024-04-04T00:00:00.000,54,N DE SANTANDER,54405,Los Patios(N D),Nueva Población Beneficiada Alcantarillado Urbano,CONSTRUCCION INTERCEPTORES SUR ORIENTAL Y NOR OCCIDENTAL ALCANTARILLADO LOS PATIOS (REFORMULACION),PDA,2878243822,437694630,Terminado
2021-03-24T00:00:00.000,2024-04-04T00:00:00.000,54,N DE SANTANDER,54385,La Esperanza(N D),Nueva Población Beneficiada Acueducto Rural,"OPTIMIZACION SISTEMA DE ACUEDUCTO  CORREGIMIENTO LA PEDREGOSA, MUNICIPIO LA ESPERANZA",PDA,596798571,3522834284,Terminado
2021-11-19T00:00:00.000,2024-04-04T00:00:00.000,54,N DE SANTANDER,54344,Hacarí(N D),Nueva Población Beneficiada Acueducto Rural,CONSTRUCCION SISTEMA DE ACUEDUCTO EN EL CENTRO POBLADO SAN JOSE DEL TARRA DEL MUNICIPIO DE HACARI,PDA,0,1529593491,Terminado
2022-03-12T00:00:00.000,2024-04-04T00:00:00.000,54,N DE SANTANDER,54261,El Zulia(N D),Nueva Población Beneficiada Acueducto Rural,"OPTIMIZACIÓN DEL  SISTEMA DE ACUEDUCTO DE LA VEREDA DE ASTILLEROS, MUNICIPIO EL ZULIA",Tasa Compensada,0,4640742990,Terminado
2022-03-23T00:00:00.000,2024-04-04T00:00:00.000,85,CASANARE,85001,Yopal(CAS),Nueva Población Beneficiada Acueducto Urbano,CONSTRUCCION  SISTEMA DE ABASTECIMIENTO Y TRATAMIENTO DE AGUA POTABLE PARA EL CASCO URBANO DEL MUNICIPIO DE YOPAL,PGN,61527056040,31126893970,Terminado
2018-12-31T00:00:00.000,2024-04-04T00:00:00.000,85,CASANARE,85001,Yopal(CAS),Nueva Población Beneficiada Acueducto Urbano,"CONSTRUCCION DEL ACUEDUCTO VEREDAL PARA EL CORREGIMIENTO DE TACARIMENA VEREDAS: SIRIVANA, PALOMAS, LA CALCETA, LA MANGA, TACARIMENA, EL TIESTAL, Y LOS MANANTIALES DEL MUNICIPIO DE YOPAL",PDA,0,12677943685,Terminado
2020-02-27T00:00:00.000,2024-04-04T00:00:00.000,85,CASANARE,85430,Trinidad(CAS),Nueva Población Beneficiada Acueducto Urbano,"AMPLIACION DE LA RED DE DISTRIBUCION DE AGUA POTABLE Y ALCANTARILLADO  SANITARIO, PARA LA ZONA DE EXPANSION ENTRE CALLES 1 Y 6 SUR, Y DE LA CARRERA 6"" A LA CARRERA 8"" DEL MUNICIPIO DE TRINIDAD, DEPARTAMENTO DE CASANARE",PDA,0,2273847896,Terminado
2020-02-27T00:00:00.000,2024-04-04T00:00:00.000,85,CASANARE,85430,Trinidad(CAS),Nueva Población Beneficiada Alcantarillado Urbano,"AMPLIACION DE LA RED DE DISTRIBUCION DE AGUA POTABLE Y ALCANTARILLADO  SANITARIO, PARA LA ZONA DE EXPANSION ENTRE CALLES 1 Y 6 SUR, Y DE LA CARRERA 6"" A LA CARRERA 8"" DEL MUNICIPIO DE TRINIDAD, DEPARTAMENTO DE CASANARE",PDA,0,2273847896,Terminado
2020-10-15T00:00:00.000,2024-04-04T00:00:00.000,85,CASANARE,85430,Trinidad(CAS),Nueva Población Beneficiada Alcantarillado Urbano,"OPTIMIZACION PLANTA DE TRATAMIENTO DE AGUAS RESIDUALES DEL MUNICIPIO DE  TRINIDAD, DEPARTAMENTO DE CASANARE.",PDA,235394764,3286596611,Terminado
2023-01-23T00:00:00.000,2024-04-04T00:00:00.000,85,CASANARE,85400,Tamara(CAS),Nueva Población Beneficiada Acueducto Rural,"CONSTRUCCION DEL ACUEDUCTO INTERVEREDAL DELICIAS, GUASAQUE, GUCHUVA, LA PALMA, CHAPARRAL, CHITACOTE, ALTO GRANDE, LOMA REDONDA, SANTA HELENA, CRUZ VERDE, LA VICTORIA, LAS ISABELES DEL MUNICIPIO DE TAMARA",PDA,0,18103328418,Terminado
2019-04-30T00:00:00.000,2024-04-04T00:00:00.000,85,CASANARE,85250,Paz De Ariporo(CAS),Nueva Población Beneficiada Alcantarillado Urbano,"CONSTRUCCION PLANTA DE TRATAMIENTO DE AGUAS RESIDUALES DEL MUNICIPIO DE PAZ DE ARIPORO, CASANARE",PDA,0,15477706792,Terminado
2022-11-20T00:00:00.000,2024-04-04T00:00:00.000,52,NARIÑO,52506,Ospina(NAR),Nueva Población Beneficiada Acueducto Rural,CONSTRUCCIÓN ACUEDUCTO SAN ISIDRO LA FLORIDA DEL MUNICIPIO DE OSPINA - NARIÑO,PDA,0,1931273036,Liquidado
2018-10-31T00:00:00.000,2024-04-04T00:00:00.000,44,LA GUAJIRA,44430,Maicao(LA ),Nueva Población Beneficiada Acueducto Urbano,"CONSTRUCCION OBRAS DE OPTIMIZACION HIDRAULICA ETAPA III DE LOS SECTORES 1,2,3 Y 4. REHABILITACION ESTRUCTURAL Y RENOVACION DE LAS INSTALACIONES HIDRAULICAS DE LOS TANQUES DE ALMACENAMIENTO LOMA FRESCA Y SAN JOSE MUNICIPIO DE MAICAO.",PDA,0,4058841035,Terminado
2018-10-30T00:00:00.000,2024-04-04T00:00:00.000,44,LA GUAJIRA,44430,Maicao(LA ),Nueva Población Beneficiada Alcantarillado Urbano,"CONSTRUCCION Y REPOSICION DE REDES DE ALCANTARILLADO SANITARIO Y CONEXIONES DOMICILIARIAS E INTRADOMICILIARIAS BARRIOS NUEVA ESPERANZA, CAMILO TORRES, 11 DE NOVIEMBRE, VILLA INES, EL BOSQUE Y ZONAS ALEDAÑAS MUNICIPIO DE MAICAO *",PDA,0,3832330298,Terminado
2023-12-22T00:00:00.000,2024-04-04T00:00:00.000,41,HUILA,41001,Neiva(HUI),Nueva Población Beneficiada Alcantarillado Urbano,"CONSTRUCCIÓN DEL ALCANTARILLADO SANITARIO Y PLUVIAL DEL BARRIO LOS ANDAQUÍES, COMUNA 1 DE LA CIUDAD DE NEIVA",PDA,0,4669278563,Terminado
2019-10-29T00:00:00.000,2024-04-04T00:00:00.000,52,NARIÑO,52022,Aldana(NAR),Nueva Población Beneficiada Alcantarillado Rural,CONSTRUCCIÓN DE UNIDADES SANITARIAS PARA HOGARES DEL SECTOR RURAL DEL MUNICIPIO DE ALDANA DEPARTAMENTO DE NARIÑO,PDA,80000000,1382187614,Liquidado Contrato Obra
2019-01-23T00:00:00.000,2024-04-04T00:00:00.000,52,NARIÑO,52720,Sapuyes(NAR),Nueva Población Beneficiada Alcantarillado Rural,REHABILITACIÓN SISTEMA DE ALCANTARILLADO CARRERA 6 ENTRE CALLE 5 Y 3 MUNICIPIO DE SAPUYES. DEPARTAMENTO DE NARIÑO.,Ola Invernal Menor,0,223216848,En Liquidación
2019-03-04T00:00:00.000,2024-04-04T00:00:00.000,52,NARIÑO,52110,Buesaco(NAR),Nueva Población Beneficiada Alcantarillado Rural,"AMPLIACION Y OPTlMIZACION DEL SISTEMA DE ALCANTARILLADO VEREDA JUANAMBU, MUNICIPIO DE BUESACO",PDA,0,1209722323,En Liquidación
2017-03-08T00:00:00.000,2024-04-04T00:00:00.000,52,NARIÑO,52227,Cumbal(NAR),Nueva Población Beneficiada Acueducto Rural,CONSTRUCCION DEL SISTEMA DE CONDUCCION PARA EL ACUEDUCTO DE LA VEREDA NAZATE DEL RESGUARDO INDIGENA DE CHILES MUNICIPIO DE CUMBAL,PDA,0,634806739,En Liquidación
2019-02-26T00:00:00.000,2024-04-04T00:00:00.000,23,CORDOBA,23001,Monteria(COR),Nueva Población Beneficiada Alcantarillado Urbano,"EXTENSIÓN DE REDES DE ALCANTARILLADO EN LOS BARRIOS BONANZA, CARIBE Y VILLA CARIBE DE LA CIUDAD DE MONTERÍA-CÓRDOBA",PGN,8103482036,0,Liquidado
2018-09-15T00:00:00.000,2024-04-04T00:00:00.000,05,ANTIOQUIA,5002,Abejorral(ANT),Nueva Población Beneficiada Alcantarillado Urbano,"CONSTRUCCIÓN DEL PLAN  MAESTRO DE ALCANTARILLADO MUNICIPIO DE ABEJORRAL, PRIMERA ETAPA",PDA,0,2097977296,Liquidado
2022-12-30T00:00:00.000,2024-04-04T00:00:00.000,52,NARIÑO,52083,Belen(NAR),Nueva Población Beneficiada Alcantarillado Urbano,"OPTIMIZACIÓN ALCANTARILLADO CASCO URBANO MUNICIPIO DE BELÉN, NARIÑO, OCCIDENTE",PDA,450000000,4000704075,Liquidado
2022-09-03T00:00:00.000,2024-04-04T00:00:00.000,52,NARIÑO,52573,Puerres(NAR),Nueva Población Beneficiada Alcantarillado Rural,AMPLIACIÓN Y OPTIMIZACIÓN DEL SISTEMA DE ALCANTARILLADO SANITARIO DE LA CABECERA CORREGIMIENTAL SAN MATEO MUNICIPIO DE PUERRES,PDA,0,1463160157,Liquidado
2022-12-07T00:00:00.000,2024-04-04T00:00:00.000,15,BOYACA,15223,Cubara(BOY),Nueva Población Beneficiada Alcantarillado Urbano,CONSTRUCCION DEL SISTEMA DE ALCANTARILLADO PLUVIAL DEL MUNICIPIO DE CUBARA,PDA,0,3694973643,En Liquidación
2023-03-24T00:00:00.000,2024-04-04T00:00:00.000,15,BOYACA,15646,Samaca(BOY),Nueva Población Beneficiada Alcantarillado Urbano,"CONSTRUCCIÓN PLANTA DE TRATAMIENTO DE AGUAS RESIDUALES DOMESTICAS SAMACÁ, BOYACÁ, CENTRO ORIENTE",PDA,0,8655518754,En Liquidación
2020-11-04T00:00:00.000,2024-04-04T00:00:00.000,52,NARIÑO,52019,Alban(NAR),Nueva Población Beneficiada Alcantarillado Rural,"MEJORAMIENTO DE LAS CONDICIONES DE SANEAMIENTO RURAL MEDIANTE LA IMPLEMENTACION DE ACCIONES DE DESCONTAMINACION, EDUCACIÓN Y PRESERVACION AMBIENTAL DE LA CUENCA DEL RIO QUIÑA, MUNICIPIO DE SAN JOSE DE  ALBAN",PDA,0,1610543280,Liquidado
2022-04-29T00:00:00.000,2024-04-04T00:00:00.000,52,NARIÑO,52224,Cuaspud(NAR),Nueva Población Beneficiada Alcantarillado Urbano,AMPLIACION Y OPTIMIZACION DEL SISTEMA DE ALCANTARILLADO DE LA CABECERA MUNICIPAL DE CUASPUD FASE I,PDA,0,4223989737,Liquidado
2020-11-07T00:00:00.000,2024-04-04T00:00:00.000,52,NARIÑO,52258,El Tablon(NAR),Nueva Población Beneficiada Alcantarillado Urbano,"OPTIMIZACION Y AMPLIACIÓN DEL ALCANTARILLADO DE EL TABLÓN DE GÓMEZ - CABECERA MUNICIPAL, DEPARTAMENTO DE NARIÑO",PDA,0,3590274497,Liquidado
2019-06-13T00:00:00.000,2024-04-04T00:00:00.000,52,NARIÑO,52260,El Tambo(NAR),Nueva Población Beneficiada Alcantarillado Urbano,"REHABILlTACION DEL SISTEMA DE ALCANTARILLADO DEL BARRIO MADRIGAL, MUNICIPIO DE EL TAMBO",Ola Invernal Menor,0,241341591,Liquidado
2022-12-05T00:00:00.000,2024-04-04T00:00:00.000,68,SANTANDER,68682,San Joaquin(SAN),Nueva Población Beneficiada Alcantarillado Rural,CONSTRUCCIÓN DE 25 UNIDADES SANITARIAS CON SANEAMIENTO BÁSICO PARA VIVIENDA RURAL DISPERSA EN SAN JOAQUIN-SANTANDER,PGN,280541692,192528612,En Liquidación
2021-10-05T00:00:00.000,2024-04-04T00:00:00.000,52,NARIÑO,52258,El Tablon(NAR),Nueva Población Beneficiada Alcantarillado Rural,"OPTIMIZACIÓN Y AMPLIACIÓN DEL ALCANTARILLADO DEL CORREGIMIENTO DE LAS MESAS, MUNICIPIO DEL TABLON DE GOMEZ",PGN,5088394689,135817147,En Liquidación
2022-12-16T00:00:00.000,2024-04-04T00:00:00.000,52,NARIÑO,52678,Samaniego(NAR),Nueva Población Beneficiada Acueducto Urbano,PLAN MAESTRO DE ACUEDUCTO Y ALCANTARILLADO SANITARIO Y PLUVIAL DEL MUNICIPIO DE SAMANIEGO – NARIÑO,PGN,1368708263,0,Terminado
2022-12-16T00:00:00.000,2024-04-04T00:00:00.000,52,NARIÑO,52678,Samaniego(NAR),Nueva Población Beneficiada Alcantarillado Urbano,PLAN MAESTRO DE ACUEDUCTO Y ALCANTARILLADO SANITARIO Y PLUVIAL DEL MUNICIPIO DE SAMANIEGO – NARIÑO,PGN,1368708263,0,Terminado
2023-06-30T00:00:00.000,2024-04-04T00:00:00.000,52,NARIÑO,52317,Guachucal(NAR),Nueva Población Beneficiada Alcantarillado Rural,OPTIMIZACION DEL ALCANTARILLADO SANITARIO Y CONSTRUCCION DE LA PLANTA DE TRATAMIENTO DE AGUAS RESIDUALES DE LA VEREDA EL CONSUELO DE CHILLANQUER MUNICIPIO DE GUACHUCAL-NARIÑO,PDA,0,2710733934,En Liquidación
2021-12-09T00:00:00.000,2024-04-04T00:00:00.000,52,NARIÑO,52418,Los Andes(NAR),Nueva Población Beneficiada Alcantarillado Rural,"MEJORAMIENTO DE LAS   CONDICIONES DE SANEAMIENTO RURAL MEDIANTE LA IMPLEMENTACION  DE ACCIONES DE DESCONTAMINACION, EDUCACION Y PRESERVACION AMBIENTAL EN LA CUENCA DEL RIO GUAITARA, MUNICIPIO DE LOS   ANDES",PDA,1215762839,1984711597,Liquidado
2022-03-31T00:00:00.000,2024-04-04T00:00:00.000,52,NARIÑO,52685,San Bernardo(NAR),Nueva Población Beneficiada Alcantarillado Rural,CONSTRUCCION DE UNIDADES SANITARIAS CON SANEAMIENTO BASICO PARA LA VIVENDA RURAL EN EL MUNICIPIO DE SAN BERNARDO- DEPARTAMENTO DE NARIÑO,PDA,0,968894634,Liquidado
2021-11-23T00:00:00.000,2024-04-04T00:00:00.000,52,NARIÑO,52694,San Pedro De Cartago(NAR),Nueva Población Beneficiada Alcantarillado Rural,"CONSTRUCCION SISTEMA DE ALCANTARILLADO SANITARIO DE LA VEREDA LA CHORRERA, MUNICIPIO DE SAN PEDRO DE CARTAGO",PDA,0,1378580426,Liquidado
2022-01-21T00:00:00.000,2024-04-04T00:00:00.000,52,NARIÑO,52699,Santacruz(NAR),Nueva Población Beneficiada Acueducto Rural,CONSTRUCCION ACUEDUCTO RURAL EN LA VEREDA CHAGUEZ DEL MUNICIPIO DE SANTA CRUZ,PDA,0,465855438,Liquidado
2023-11-17T00:00:00.000,2024-04-04T00:00:00.000,23,CORDOBA,23855,Valencia(COR),Nueva Población Beneficiada Acueducto Rural,OPTIMIZACION  DEL SISTEMA DE ACUEDUCTO DEL CORREGIMIENTO DE JARAGUAY MUNICIPIO DE VALENCIA,PGN,1974580106,0,Terminado
2019-12-11T00:00:00.000,2024-04-04T00:00:00.000,47,MAGDALENA,47980,Zona Bananera(MAG),Nueva Población Beneficiada Acueducto Urbano,"OPTIMIZACIÓN Y AMPLIACIÓN DEL SISTEMA DE ACUEDUCTO DEL MUNICIPIO DE ZONA BANANERA, CENTRO NUCLEADO DE GUACAMAYAL",PDA,0,2896843052,Liquidado
2019-10-29T00:00:00.000,2024-04-04T00:00:00.000,27,CHOCO,27001,Quibdo(CHO),Nueva Población Beneficiada Acueducto Urbano,DISEÑOS PARA LA OPTIMIZACION DE LOS SISTEMAS DE ACUEDUCTO Y ALCANTARILLADO DEL MUNICIPIO DE QUIBDO,PGN,3713372232,0,Liquidado
2019-10-29T00:00:00.000,2024-04-04T00:00:00.000,27,CHOCO,27001,Quibdo(CHO),Nueva Población Beneficiada Alcantarillado Urbano,DISEÑOS PARA LA OPTIMIZACION DE LOS SISTEMAS DE ACUEDUCTO Y ALCANTARILLADO DEL MUNICIPIO DE QUIBDO,PGN,3713372232,0,Liquidado
2020-10-30T00:00:00.000,2024-04-04T00:00:00.000,25,CUNDINAMARCA,"25168, 25394, 25530, 25580, 25878","Chaguani(CUN), La Palma(CUN), Paratebueno(CUN), Puli(CUN), Viota(CUN)",Nueva Población Beneficiada Acueducto Urbano,"CONSTRUCCIÓN DE CONEXIONES INTRADOMICILIARIAS PARA LAS ZONAS MAS AFECTADAS POR EL CONFLICTO ARMADO ""ZOMAC"" DE DEPARTAMENTO DE CUNDINAMARCA",Obras por Impuestos,0,0,Terminado
2020-10-30T00:00:00.000,2024-04-04T00:00:00.000,25,CUNDINAMARCA,"25168, 25394, 25530, 25580, 25878","Chaguani(CUN), La Palma(CUN), Paratebueno(CUN), Puli(CUN), Viota(CUN)",Nueva Población Beneficiada Acueducto Rural,"CONSTRUCCIÓN DE CONEXIONES INTRADOMICILIARIAS PARA LAS ZONAS MAS AFECTADAS POR EL CONFLICTO ARMADO ""ZOMAC"" DE DEPARTAMENTO DE CUNDINAMARCA",Obras por Impuestos,0,0,Terminado
2020-10-30T00:00:00.000,2024-04-04T00:00:00.000,25,CUNDINAMARCA,"25168, 25394, 25530, 25580, 25878","Chaguani(CUN), La Palma(CUN), Paratebueno(CUN), Puli(CUN), Viota(CUN)",Nueva Población Beneficiada Alcantarillado Urbano,"CONSTRUCCIÓN DE CONEXIONES INTRADOMICILIARIAS PARA LAS ZONAS MAS AFECTADAS POR EL CONFLICTO ARMADO ""ZOMAC"" DE DEPARTAMENTO DE CUNDINAMARCA",Obras por Impuestos,0,0,Terminado
2020-10-30T00:00:00.000,2024-04-04T00:00:00.000,25,CUNDINAMARCA,"25168, 25394, 25530, 25580, 25878","Chaguani(CUN), La Palma(CUN), Paratebueno(CUN), Puli(CUN), Viota(CUN)",Nueva Población Beneficiada Alcantarillado Rural,"CONSTRUCCIÓN DE CONEXIONES INTRADOMICILIARIAS PARA LAS ZONAS MAS AFECTADAS POR EL CONFLICTO ARMADO ""ZOMAC"" DE DEPARTAMENTO DE CUNDINAMARCA",Obras por Impuestos,0,0,Terminado
2020-10-03T00:00:00.000,2024-04-04T00:00:00.000,05,ANTIOQUIA,5490,Necoclí(ANT),Nueva Población Beneficiada Acueducto Rural,CONSTRUCCION DEL PLAN MAESTRO DE ACUEDUCTO DEL CORREGIMIENTO EL TOTUMO DEL MUNICIPIO DE NECOCLI,PDA,0,6365122249,Terminado
2019-03-27T00:00:00.000,2024-04-04T00:00:00.000,70,SUCRE,70708,San Marcos(SUC),Nueva Población Beneficiada Acueducto Urbano,AMPLIACION Y OPTIMIZACION  DEL SISTEMA DE ACUEDUCTO DEL MUNICIPIO DE SAN MARCOS,PDA,4628043513,2835351076,Liquidado
2020-02-28T00:00:00.000,2024-04-04T00:00:00.000,23,CORDOBA,23350,La Apartada(COR),Nueva Población Beneficiada Alcantarillado Urbano,"OPTIMIZACIÓN DE REDES DE ALCANTARILLADO SANITARIO DEL MUNICIPIO DE LA APARTADA, FASE I",PDA,0,4157136957,Liquidado
2021-02-14T00:00:00.000,2024-04-04T00:00:00.000,20,CESAR,20621,Robles (la Paz)(CES),Nueva Población Beneficiada Acueducto Urbano,"CONSTRUCCIÓN Y OPTIMIZACIÓN DE LAS REDES DEL SISTEMA DE ACUEDUCTO FASE I, EN LA CABECERA URBANA MUNICIPAL DE LA PAZ DEPARTAMENTO DEL CESAR",Obras por Impuestos,0,0,Liquidado
2022-08-15T00:00:00.000,2024-04-04T00:00:00.000,91,AMAZONAS,91430,La Victoria(AMA),Nueva Población Beneficiada Alcantarillado Rural,CONSTRUCCION DEL SISTEMA DE ALCANTARILLADO CENTRO POBLADO CORREGIMIENTO LA VICTORIA (SISTEMAS INDIVIDUALES ),PDA,133750736,435227857,Terminado
2022-09-10T00:00:00.000,2024-04-04T00:00:00.000,23,CORDOBA,23001,Monteria(COR),Nueva Población Beneficiada Acueducto Rural,"OPTIMIZACION DEL SISTEMA DE ACUEDUCTO DEL CORREGIMIENTO SAN ISIDRO Y LAS VEREDAS GALILEA, LOS MONCHOLOS, NUEVO PARAISO, GRAN ESFUERZO, EL CONGO, NUEVA OLA, SAN ANTERITO Y SALAMINA DEL MUNICIPIO MONTERIA EN EL DEPARTAMENTO DE CORDOBA",PGN,8689157849,4039948155,Terminado
2019-02-28T00:00:00.000,2024-04-04T00:00:00.000,20,CESAR,20060,Bosconia(CES),Nueva Población Beneficiada Acueducto Urbano,LINEA DE IMPULSION PARA LA OPTIMIZACION DEL SISTEMA DE ACUEDUCTO DEL MUNICIPIO DE BOSCONIA,PDA,5283674457,0,En Liquidación
2020-11-30T00:00:00.000,2024-04-04T00:00:00.000,20,CESAR,20621,Robles (la Paz)(CES),Nueva Población Beneficiada Acueducto Urbano,CONSTRUCCIÓN Y OPTIMIZACIÓN DE LAS REDES DEL SISTEMA DE ACUEDUCTO EN LA CABECERA MUNICIPAL DE LA PAZ-DEPARTAMENTO DEL CESAR FASE II,PGN,2986028560,0,Terminado
2022-04-25T00:00:00.000,2024-04-04T00:00:00.000,27,CHOCO,27001,Quibdo(CHO),Nueva Población Beneficiada Alcantarillado Urbano,CONSTRUCCIÓN DEL SISTEMA DE ALCANTARILLADO EN LA COMUNIDAD INDÍGENA DEL KM7 SECTOR LAS PALMAS MUNICIPIO DE QUIBDO,Obras por Impuestos,0,0,Liquidado
2023-02-27T00:00:00.000,2024-04-04T00:00:00.000,25,CUNDINAMARCA,25473,Mosquera(CUN),Nueva Población Beneficiada Acueducto Rural,"CONSTRUCCIÓN DEL ACUEDUCTO RURAL PARA LAS VEREDAS SAN JOSE Y BALSILLA, CON LOS SECTORES PLAYÓN, PARCELAS, MONDOÑEDO, LOS PUENTES, VISTA HERMOSA, PENCAL Y SECTOR LOS PINOS MUNICIPIO DE MOSQUERA",PDA,0,5509850004,Terminado
2018-10-29T00:00:00.000,2024-04-04T00:00:00.000,76,VALLE DEL CAUCA,76318,Guacari(VAL),Nueva Población Beneficiada Alcantarillado Urbano,CONSTRUCCION  ALCANTARILLADO DEL CORREGIMIENTO DE SONSO EN EL MUNICIPIO DE GUACARI.,PDA,0,8551893211,Terminado
2018-09-03T00:00:00.000,2024-04-04T00:00:00.000,27,CHOCO,27001,Quibdo(CHO),Nueva Población Beneficiada Acueducto Urbano,OPTIMIZACION REDES DEL SISTEMA DE ACUEDUCTO DE LA CABECERA MUNICIPAL DE QUIBDO,PGN,29523698987,17293269935,En Liquidación
2020-07-30T00:00:00.000,2024-04-04T00:00:00.000,19,CAUCA,19364,Jambaló(CAU),Nueva Población Beneficiada Alcantarillado Urbano,CONSTRUCCION DE OBRAS DE OPTIMIZACION DEL SISTEMA DE ALCANTARILLADO DEL MUNICIPIO DE JAMBALO,Contrato Plan,2532008289,192439244,Liquidado
2020-02-26T00:00:00.000,2024-04-04T00:00:00.000,19,CAUCA,19001,Popayán(CAU),Nueva Población Beneficiada Acueducto Urbano,CONSTRUCCION DE  SEDIMENTADORES PARA LA AMPLIACIÓN DELCAUDAL A 500 LPS DE LA PLANTA DE TRATAMIENTO DE AGUA POTABLE DE PALACE MUNICIPIO DE POPAYAN,PGN,1822270033,8522525,Liquidado
2023-07-25T00:00:00.000,2024-04-04T00:00:00.000,19,CAUCA,19397,La Vega(CAU),Nueva Población Beneficiada Alcantarillado Urbano,TERMINACION PLAN MAESTRO DE ALCANTARILLADO CABECERA MUNICIPAL DE LA VEGA,PDA,889150630,3073993919,Terminado
2023-04-11T00:00:00.000,2024-04-04T00:00:00.000,41,HUILA,41518,Paicol(HUI),Nueva Población Beneficiada Alcantarillado Urbano,OPTIMIZACIÓN SISTEMA DE ALCANTARILLADO COMBINADO CASCO URBANO PRIMERA FASE SECTOR OCCIDENTE DEL MUNICIPIO DE PAICOL-DEPARTAMENTO DEL HUILA,PDA,0,3979239508,En Liquidación
2020-10-09T00:00:00.000,2024-04-04T00:00:00.000,86,PUTUMAYO,86749,Sibundoy(PUT),Nueva Población Beneficiada Acueducto Urbano,REHABILITACION Y MEJORAMIENTO DEL SISTEMA DE ACUEDUCTO DEL CASCO URBANO DEL MUNICIPIO DE SIBUNDOY I ETAPA OLA INVERNAL MUNICIPIO DE SIBUNDOY-PUTUMAYO,Ola Invernal Mayor,925270027,0,En Liquidación
2023-03-14T00:00:00.000,2024-04-04T00:00:00.000,27,CHOCO,27077,Bajo Baudo (pizarro)(CHO),Nueva Población Beneficiada Alcantarillado Urbano,"OPTIMIZACION DEL SISTEMA DE ALCANTARILLADO, Y CONSTRUCCION PTAR DEL MUNICIPIO DE BAJO BAUDO",PGN,8974624904,2608440395,En Liquidación
2021-10-01T00:00:00.000,2024-04-04T00:00:00.000,20,CESAR,20295,Gamarra(CES),Nueva Población Beneficiada Alcantarillado Rural,CONSTRUCCIÓN DE CIENTO VEINTIUNO (121) UNIDADES SANITARIAS CON SANEAMIENTO BÁSICO PARA VIVIENDA RURAL DISPERSA DEL MUNICIPIO DE GAMARRA,PGN,1834386685,0,Liquidado
2022-09-30T00:00:00.000,2024-04-04T00:00:00.000,76,VALLE DEL CAUCA,76318,Guacari(VAL),Nueva Población Beneficiada Acueducto Rural,"OPTIMIZACIÓN DE REDES DE DISTRIBUCIÓN DE ACUEDUCTO CORREGIMIENTO DE GUABITAS, MUNICIPIO DE GUACARÍ",PGN,2500000000,648883025,Terminado
2023-04-10T00:00:00.000,2024-04-04T00:00:00.000,20,CESAR,20032,Astrea(CES),Nueva Población Beneficiada Acueducto Urbano,OPTIMIZACIÓN DEL SISTEMA DE ACUEDUCTO Y ALCANTARILLADO SANITARIO (FASE 2) DE LA CABECERA MUNICIPAL DE ASTREA DEPARTAMENTO DEL CESAR,PGN,6055119856,4155474411,Terminado
2023-04-10T00:00:00.000,2024-04-04T00:00:00.000,20,CESAR,20032,Astrea(CES),Nueva Población Beneficiada Alcantarillado Urbano,OPTIMIZACIÓN DEL SISTEMA DE ACUEDUCTO Y ALCANTARILLADO SANITARIO (FASE 2) DE LA CABECERA MUNICIPAL DE ASTREA DEPARTAMENTO DEL CESAR,PGN,6055119856,4155474411,Terminado
2023-09-01T00:00:00.000,2024-04-04T00:00:00.000,20,CESAR,20517,Pailitas(CES),Nueva Población Beneficiada Alcantarillado Rural,OPTIMIZACIÓN DEL SISTEMA DE ACUEDUCTO Y CONSTRUCCIÓN DE LA PLANTA DE TRATAMIENTO DE AGUAS RESIDUALES DEL CORREGIMIENTO DE PALESTINA MUNICIPIO DE PAILITAS DEPARTAMENTO DEL CESAR,PGN,3825821762,0,Terminado
2023-04-13T00:00:00.000,2024-04-04T00:00:00.000,41,HUILA,41660,Saladoblanco(HUI),Nueva Población Beneficiada Acueducto Urbano,CONSTRUCCION PLAN MAESTRO DE ACUEDUCTO Y  ALCANTARILLADO MUNICIPIO DE SALADOBLANCO FASE I,PDA,0,6266140056,Liquidado
2023-04-13T00:00:00.000,2024-04-04T00:00:00.000,41,HUILA,41660,Saladoblanco(HUI),Nueva Población Beneficiada Alcantarillado Urbano,CONSTRUCCION PLAN MAESTRO DE ACUEDUCTO Y  ALCANTARILLADO MUNICIPIO DE SALADOBLANCO FASE I,PDA,0,6266140056,Liquidado
2021-01-30T00:00:00.000,2024-04-04T00:00:00.000,68,SANTANDER,68077,Barbosa(SAN),Nueva Población Beneficiada Acueducto Urbano,CONSTRUCCION DE REDES DE CONDUCCION Y OPTIMIZACION DEL ACUEDUCTO EN EL MUNICIPIO DE BARBOSA,PGN,4794866430,4220300715,En Liquidación
2020-12-31T00:00:00.000,2024-04-04T00:00:00.000,41,HUILA,41001,Neiva(HUI),Nueva Población Beneficiada Alcantarillado Urbano,"CONSTRUCCIÓN DE LA PRIMERA FASE DE LA RED DE ALCANTARILLADO SANITARIO DEL BARRIO VILLA COLOMBIA, COMUNA 9 DE LA CIUDAD DE NEIVA, DEPARTAMENTO DEL HUILA",PGN,2000000000,5947633,Liquidado
2019-01-22T00:00:00.000,2024-04-04T00:00:00.000,52,NARIÑO,52585,Pupiales(NAR),Nueva Población Beneficiada Alcantarillado Urbano,REHABILITACION SISTEMA DE ALCANTARILLADO DE LA CALLE SEPTlMA ENTRE CARRERA TERCERA Y QUINTA DEL MUNICIPIO DE PUPIALES-NARIÑO,Ola Invernal Menor,0,228273182,En Liquidación
2024-02-27T00:00:00.000,2024-04-04T00:00:00.000,73,TOLIMA,73873,Villarrica(TOL),Nueva Población Beneficiada Acueducto Urbano,OPTIMIZACION DEL SISTEMA DE SUMINISTRO DE AGUA PARA EL ACUEDUCTO DEL MUNICIPIO DE VILLARICA,PDA,743583235,3784522263,Terminado
2023-02-24T00:00:00.000,2024-04-04T00:00:00.000,88,SAN ANDRES,88001,San Andres(SAN),Nueva Población Beneficiada Acueducto Urbano,EXPANSIÓN DE 3.2KM DE REDES DE ACUEDUCTO EN LA ISLA DE SAN ANDRÉS,PGN,3453709817,338599002,Terminado
2022-06-01T00:00:00.000,2024-04-04T00:00:00.000,70,SUCRE,70708,San Marcos(SUC),Nueva Población Beneficiada Alcantarillado Urbano,"EXTENSIÓN DE REDES DE ALCANTARILLADO SANITARIO EN LA ZONA CENTRO DEL MUNICIPIO DE SAN MARCOS, DEPARTAMENTO DE SUCRE FASE I",PGN,1239878750,837755912,En Liquidación
2021-04-30T00:00:00.000,2024-04-04T00:00:00.000,23,CORDOBA,23162,Cerete(COR),Nueva Población Beneficiada Alcantarillado Urbano,CONSTRUCCIÓN DE REDES DE ALCANTARILLADO Y AMPLIACIÓN DE COBERTURA DE SECTORES No. 4 ETAPA 1 FASE II MUNICIPIO DE CERETÉ,PGN,5946597729,0,En Liquidación
2021-12-31T00:00:00.000,2024-04-04T00:00:00.000,73,TOLIMA,73024,Alpujarra(TOL),Nueva Población Beneficiada Acueducto Rural,ESTRUCTURACIÓN Y FORMULACIÓN DEL PROYECTO CONSTRUCCIÓN ACUEDUCTO VEREDAL VEGA DE GRAMAL Y LOS MEDIOS DEL MUNICIPIO DE ALPUJARRA - TOLIMA,BID,5789059510,0,En Liquidación
2022-12-17T00:00:00.000,2024-04-04T00:00:00.000,70,SUCRE,70001,Sincelejo(SUC),Nueva Población Beneficiada Acueducto Urbano,EXTENSIÓN DE REDES DE ACUEDUCTO PARA EL SUMINISTRO DE AGUA POTABLE DE GALLERA EN EL MUNICIPIO DE SINCELEJO,PGN,3028330628,450934946,Terminado
2020-10-11T00:00:00.000,2024-04-04T00:00:00.000,19,CAUCA,19142,Caloto(CAU),Nueva Población Beneficiada Acueducto Rural,"CONSTRUCCIÓN DEL SISTEMA DE TRATAMIENTO DE AGUA POTABLE, OPTIMIZACIÓN DE LAS REDES DE ABASTECIMIENTO Y CONSTRUCCIÓN DE SOLUCIONES INDIVIDUALES DE SANEAMIENTO PARA EL SISTEMA INTERVEREDAL ASOALMA DEL MUNICIPIO DE CALOTO",BID,4322942345,0,En Liquidación
2020-10-11T00:00:00.000,2024-04-04T00:00:00.000,19,CAUCA,19142,Caloto(CAU),Nueva Población Beneficiada Alcantarillado Rural,"CONSTRUCCIÓN DEL SISTEMA DE TRATAMIENTO DE AGUA POTABLE, OPTIMIZACIÓN DE LAS REDES DE ABASTECIMIENTO Y CONSTRUCCIÓN DE SOLUCIONES INDIVIDUALES DE SANEAMIENTO PARA EL SISTEMA INTERVEREDAL ASOALMA DEL MUNICIPIO DE CALOTO",BID,4322942345,0,En Liquidación
2019-08-05T00:00:00.000,2024-04-04T00:00:00.000,44,LA GUAJIRA,44560,Manaure(LA ),Nueva Población Beneficiada Acueducto Rural,MODELO DE DISTRIBUCIÓN DE AGUA POTABLE PARA LAS COMUNIDADES INDÍGENAS WAYUU DE LA ZONA RURAL DISPERSA MUNICIPIO DE MANAURE,BID,5831908154,0,En Liquidación
2022-12-16T00:00:00.000,2024-04-04T00:00:00.000,41,HUILA,41006,Acevedo(HUI),Nueva Población Beneficiada Alcantarillado Urbano,CONSTRUCCION PLAN MAESTRO DE ALCANTARILLADO SANITARIO Y PLUVIAL DEL MUNICIPIO DE ACEVEDO-FASE I,PDA,0,8233171613,Terminado
2023-03-09T00:00:00.000,2024-04-04T00:00:00.000,25,CUNDINAMARCA,25649,San Bernardo(CUN),Nueva Población Beneficiada Acueducto Urbano,CONSTRUCCION DE LAS OBRAS DEL PLAN MAESTRO DE ACUEDUCTO DEL MUNICIPIO DE SAN BERNARDO,PDA,0,5787813449,Terminado
2022-09-15T00:00:00.000,2024-04-04T00:00:00.000,52,NARIÑO,52435,Mallama(NAR),Nueva Población Beneficiada Acueducto Urbano,"MEJORAMIENTO DEL SISTEMA DE ABASTECIMIENTO, CONSTRUCCION PLANTA DE TRATAMIENTO DE AGUA POTABLE Y OPTIMIZACION DEL SISTEMA DE ALCANTARILLADO EN EL CASCO URBANO DEL MUNICIPIO DE MALLAMA",PDA,0,4311588306,Liquidado Contrato Obra
2022-09-15T00:00:00.000,2024-04-04T00:00:00.000,52,NARIÑO,52435,Mallama(NAR),Nueva Población Beneficiada Alcantarillado Urbano,"MEJORAMIENTO DEL SISTEMA DE ABASTECIMIENTO, CONSTRUCCION PLANTA DE TRATAMIENTO DE AGUA POTABLE Y OPTIMIZACION DEL SISTEMA DE ALCANTARILLADO EN EL CASCO URBANO DEL MUNICIPIO DE MALLAMA",PDA,0,4311588306,Liquidado Contrato Obra
2021-12-15T00:00:00.000,2024-04-04T00:00:00.000,52,NARIÑO,52385,La Llanada(NAR),Nueva Población Beneficiada Acueducto Urbano,CONSTRUCCION PLANTA DE TRATAMIENTO DE AGUA POTABLE CASCO URBANO MUNICIPIO DE LLANADA,PDA,310178195,372477249,En Liquidación
2020-11-26T00:00:00.000,2024-04-04T00:00:00.000,23,CORDOBA,23162,Cerete(COR),Nueva Población Beneficiada Alcantarillado Urbano,CONSTRUCCION DE REDES DE ALCANTARILLADO Y AMPLIACION DE COBERTURA DEL SECTOR No. 4  DEL MUNICIPIO DE CERETE ETAPA I.,PGN,6000000000,0,En Liquidación
2023-03-31T00:00:00.000,2024-04-04T00:00:00.000,73,TOLIMA,73217,Coyaima(TOL),Nueva Población Beneficiada Alcantarillado Rural,"CONSTRUCCIÓN DEL ALCANTARILLADO SANITARIO Y PTAR DEL CENTRO POBLADO DE CASTILLA, MUNICIPIO DE COYAIMA",PDA,0,4549182180,Terminado
2020-08-31T00:00:00.000,2024-04-04T00:00:00.000,50,META,50711,Vista Hermosa(MET),Nueva Población Beneficiada Acueducto Rural,CONSTRUCCION PLAN MAESTRO DE ACUEDUCTO Y ALCANTARILLADO  CENTRO POBLADO MARACAIBO Y VEREDA GUAPAYA BAJO DEL MUNICIPIO DE VISTA HERMOSA,Programa Rural,8808562511,0,En Liquidación
2020-08-31T00:00:00.000,2024-04-04T00:00:00.000,50,META,50711,Vista Hermosa(MET),Nueva Población Beneficiada Alcantarillado Rural,CONSTRUCCION PLAN MAESTRO DE ACUEDUCTO Y ALCANTARILLADO  CENTRO POBLADO MARACAIBO Y VEREDA GUAPAYA BAJO DEL MUNICIPIO DE VISTA HERMOSA,Programa Rural,8808562511,0,En Liquidación
2020-12-08T00:00:00.000,2024-04-04T00:00:00.000,50,META,50450,Puerto Concordia(MET),Nueva Población Beneficiada Acueducto Urbano,AMPLIACION Y OPTIMIZACION DEL SISTEMA DE ACUEDUCTO  DEL MUNICIPIO DE PUERTO CONCORDIA,PDA,0,6828964260,En Liquidación
2020-11-09T00:00:00.000,2024-04-04T00:00:00.000,50,META,50330,Mesetas(MET),Nueva Población Beneficiada Acueducto Urbano,AMPLIACION Y OPTIMIZACION DEL SISTEMA DE ACUEDUCTO DEL MUNICIPIO DE MESETAS.,PDA,0,4466924836,En Liquidación
2020-03-31T00:00:00.000,2024-04-04T00:00:00.000,20,CESAR,20383,La Gloria(CES),Nueva Población Beneficiada Alcantarillado Rural,CONSTRUCCIÓN DE UNIDADES BÁSICAS SANITARIAS PARA LA ZONA RURAL DEL MUNICIPIO DE LA GLORIA CESAR,Obras por Impuestos,0,0,Liquidado
2022-11-09T00:00:00.000,2024-04-04T00:00:00.000,54,N DE SANTANDER,54261,El Zulia(N D),Nueva Población Beneficiada Acueducto Rural,CONSTRUCCIÓN DE SISTEMA DE ACUEDUCTO PARA LA VEREDA EL TABLAZO EN EL MUNICIPIO DE EL ZULIA NORTE DE SANTANDER,Obras por Impuestos,0,0,Liquidado
2021-10-09T00:00:00.000,2024-04-04T00:00:00.000,50,META,50318,Guamal(MET),Nueva Población Beneficiada Alcantarillado Urbano,AMPLIACION Y OPTIMIZACION DE LA PLANTA DE TRATAMIENTO DE AGUAS RESIDUALES DEL MUNICIPIO DE GUAMAL,PDA,0,7066688946,Terminado
2020-10-14T00:00:00.000,2024-04-04T00:00:00.000,86,PUTUMAYO,86885,Villagarzon(PUT),Nueva Población Beneficiada Alcantarillado Urbano,CONSTRUCCION ALCANTARILLADO PLUVIAL ZONA 4A (TRAMO 125A-184A SECTOR COLEGIO VALENCIA) MUNICIPIO DE VILLAGARZON,PGN,4121393827,98000000,Liquidado
2023-05-15T00:00:00.000,2024-04-04T00:00:00.000,70,SUCRE,70708,San Marcos(SUC),Nueva Población Beneficiada Alcantarillado Urbano,"OPTIMIZACIÓN DE LAS REDES DE ALCANTARILLADO SANITARIO EN LA ZONA URBANA DEL MUNICIPIO DE SAN MARCOS-FASE II, DEPARTAMENTO DE SUCRE",PGN,8390400493,5669189522,Terminado
2023-07-27T00:00:00.000,2024-04-04T00:00:00.000,44,LA GUAJIRA,44001,Riohacha(LA ),Nueva Población Beneficiada Acueducto Rural,"CONSTRUCCIÓN DE OBRAS EN EL PUNTO DE PRODUCCIÓN, SISTEMA DE FILTRACIÓN RÁPIDA, CONSTRUCCIÓN PILAS AFERENTES, SUMINISTRO DE DOTACIÓN PARA PILAS, COMPONENTE SOCIAL Y ASEGURAMIENTO EN LA COMUNIDAD DE ROMONERO, MUNICIPIO DE RIOHACHA, LA GUAJIRA",PDA,0,4959728683,Terminado
2021-07-14T00:00:00.000,2024-04-04T00:00:00.000,47,MAGDALENA,47692,San Sebastian De Buenavista(MAG),Nueva Población Beneficiada Acueducto Rural,"CONSTRUCCION DEL ACUEDUCTO DEL  CORREGIMIENTO EL SEIS, MUNICIPIO DE SAN SEBASTIAN DE BUENAVISTA.",PDA,0,822168501,Terminado
2020-08-09T00:00:00.000,2024-04-04T00:00:00.000,05,ANTIOQUIA,5030,Amagá(ANT),Nueva Población Beneficiada Alcantarillado Urbano,CONSTRUCCION DE OBRAS DE OPTIMIZACION DEL SISTEMA DE ALCANTARILLADO URBANO DEL MUNICIPIO DE AMAGA,PGN,7441486062,1549403890,En Liquidación
2022-02-10T00:00:00.000,2024-04-04T00:00:00.000,68,SANTANDER,68895,Zapatoca(SAN),Nueva Población Beneficiada Alcantarillado Urbano,OPTIMIZACION Y MEJORAMIENTO DEL SISTEMA DE ALCANTARILLADO COMBINADO FASE I DEL CASCO URBANO DEL MUNICIPIO DE ZAPATOCA- DEPARTAMENTO DE SANTANDER,PGN,2084068826,5039215686,En Liquidación
2023-06-10T00:00:00.000,2024-04-04T00:00:00.000,15,BOYACA,15407,Villa de Leiva(BOY),Nueva Población Beneficiada Alcantarillado Urbano,"CONSTRUCCIÓN PRIMERA ETAPA PLAN MAESTRO DE ALCANTARILLADO DEL MUNICIPIO DE VILLA DE LEYVA, BOYACÁ CENTRO ORIENTE",PGN,1776677078,5615775,En Liquidación
2021-03-16T00:00:00.000,2024-04-04T00:00:00.000,85,CASANARE,85001,Yopal(CAS),Nueva Población Beneficiada Alcantarillado Urbano,ESTUDIOS Y DISEÑOS DEL SISTEMA DE ALCANTARILLADO SANITARIO DE LA CIUDADELA LA BENDICIÓN DEL MUNICIPIO DE YOPAL DEPARTAMENTO DE CASANARE,Pre-Inversión,550527150,0,En Liquidación
2021-12-21T00:00:00.000,2024-04-04T00:00:00.000,66,RISARALDA,66687,Santuario(RIS),Nueva Población Beneficiada Acueducto Urbano,CONSTRUCCIÓN BOCATOMA RÍO SAN RAFAEL  DEL ACUEDUCTO PRINCIPAL DEL MUNICIPIO DE SANTUARIO,Ola Invernal Mayor,0,1222777897,Terminado
2018-10-31T00:00:00.000,2024-04-04T00:00:00.000,44,LA GUAJIRA,44874,Villanueva(LA ),Nueva Población Beneficiada Acueducto Urbano,OPTIMIZACION HIDRAULICA DE LA RED  DE DISTRIBUCION DEL SISTEMA DE ACUEDUCTO DEL MUNICIPIO DE VILLANUEVA,PDA,0,8854898000,Terminado
