fecha_terminacion_proyecto,fecha_de_corte,c_digo_divipola_departamento,departamento,c_digo_divipola_municipio,municipio,indicador,nombre_proyecto,origen,aporte_nacion,contrapartida,estado_seguimiento,num_municipios,región
2018-12-31,2024-04-04,18,caqueta,"18029, 18205, 18610","albania(caq), curillo(caq), san jose de fragua(caq)",nueva población beneficiada acueducto urbano,"construccion sistema de acueducto regional para los municipios de albania, curillo y san jose de fragua.",pda,12110573518,953340488,en liquidación,3,Región Amazonía
2018-10-16,2024-04-04,15,boyaca,15693,santa rosa de viterbo(boy),nueva población beneficiada acueducto urbano,"construccion red de conduccion, redes de distribucion del acueducto y terminacion planta de tratamiento de agua potable de la zona urbana del municipio de santa rosa de viterbo",pda,557345219,2236932650,en liquidación,1,Región Andina
2018-10-08,2024-04-04,17,caldas,17050,aranzazu(cal),nueva población beneficiada alcantarillado urbano,optimizacion sistemas de acueducto y alcantarillado zona urbana municipio de aranzazu,pda,491820256,664819896,terminado,1,Región Andina
2019-06-01,2024-04-04,17,caldas,17446,marulanda(cal),nueva población beneficiada acueducto rural,mejoramiento sistema de acueducto en el corregimiento montebonito municipio de marulanda,pda,286128295,540512429,terminado,1,Región Andina
2019-02-12,2024-04-04,5,antioquia,5250,el bagre(ant),nueva población beneficiada acueducto urbano,construccion del plan maestro de acueducto urbano del municipio de el bagre etapa ii,pda,0,4773790842,liquidado,1,Región Andina
2018-11-22,2024-04-04,5,antioquia,5306,giraldo(ant),nueva población beneficiada acueducto rural,construccion del plan maestro de acueducto corregimiento manglar del municipio de giraldo,pda,0,922015855,liquidado,1,Región Andina
2022-07-28,2024-04-04,73,tolima,73349,honda(tol),nueva población beneficiada alcantarillado urbano,"construcción de alcantarillado en los sectores de chico, refugio, la sonrisa y nueva ambalemita del municipio de honda",pgn,3199570691,0,en liquidación,1,Región Andina
2022-02-14,2024-04-04,73,tolima,73217,coyaima(tol),nueva población beneficiada acueducto rural,"optimización sistema de acueducto del centro poblado de castilla, municipio de coyaima",pgn,2562701063,0,terminado,1,Región Andina
2021-04-19,2024-04-04,20,cesar,20001,valledupar(ces),nueva población beneficiada acueducto urbano,"optimizacion de sistema de acueducto de la ciudad de valledupar, mediante la construccion de tanques de almacenamiento de agua tratada y redes matrices de acueducto",pgn,24677750307,197255642,liquidado,1,Región Caribe
2022-12-23,2024-04-04,41,huila,41551,pitalito(hui),nueva población beneficiada alcantarillado urbano,construcción de colectores del sistema de alcantarillado pluvial en la comuna uno del municipio de pitalito-huila,pgn,2904901507,35668264,terminado,1,Región Andina
2023-10-09,2024-04-04,41,huila,41001,neiva(hui),nueva población beneficiada acueducto urbano,"construcción y optimización de la línea expresa de acueducto de la estación del tren del municipio de neiva, departamento del huila",pda,0,11128677123,en liquidación,1,Región Andina
2021-11-29,2024-04-04,41,huila,41396,la plata(hui),nueva población beneficiada acueducto rural,"construccion del sistema de acueducto rural regional santa martha, birmania, veredas santa martha, el roble, el alto aurora, san miguel, los cauchos, villa esperanza, los pinos, villa mercedes, bajo villa mercedes del municipio de la plata",pgn,5936504087,417000000,liquidado contrato obra,1,Región Andina
2019-11-15,2024-04-04,41,huila,41378,la argentina(hui),nueva población beneficiada acueducto rural,construcción plan maestro de acueducto centro poblado el pensil (la argentina) huila fase i,pda,0,1661244655,liquidado,1,Región Andina
2020-07-11,2024-04-04,41,huila,41319,guadalupe(hui),nueva población beneficiada alcantarillado rural,"construcción alcantarillado sanitario centro poblado los cauchos, municipio de guadalupe",pda,0,4543152539,liquidado,1,Región Andina
2020-01-14,2024-04-04,41,huila,41298,garzon(hui),nueva población beneficiada alcantarillado urbano,"construccion colectores del sistema de alcantarillado del municipio de garzón, huila",pda,0,2449328786,liquidado,1,Región Andina
2021-12-15,2024-04-04,41,huila,41006,acevedo(hui),nueva población beneficiada acueducto urbano,construccion plan maestro de acueducto del municipio de acevedo,pda,0,3928304657,liquidado,1,Región Andina
2024-01-31,2024-04-04,25,cundinamarca,25662,san juan de rioseco(cun),nueva población beneficiada acueducto urbano,construccion plan maestro de acueducto urbano  municipio de san juan de rioseco,pda,0,12864464230,terminado,1,Región Andina
2023-12-09,2024-04-04,8,atlantico,8078,baranoa(atl),nueva población beneficiada alcantarillado urbano,construcción de las redes de alcantarillado y estación de bombeo de aguas residuales para la cuenca 6a y redes de alcantarillado en el barrio manzanares del municipio de baranoa-atlántico,pgn,2835530661,2723414324,terminado,1,Región Caribe
2023-12-09,2024-04-04,8,atlantico,8675,santa lucía(atl),nueva población beneficiada alcantarillado rural,alcantarillado para el corregimiento algodonal municipio de santa lucia,pgn,3476351183,2429158142,terminado,1,Región Caribe
2019-10-30,2024-04-04,17,caldas,17513,pacora(cal),nueva población beneficiada acueducto urbano,optimizacion del sistema de acueducto y el sistema de alcantarillado del casco urbano de pacora,pda,1925145539,1742723057,terminado,1,Región Andina
2019-10-30,2024-04-04,17,caldas,17513,pacora(cal),nueva población beneficiada alcantarillado urbano,optimizacion del sistema de acueducto y el sistema de alcantarillado del casco urbano de pacora,pda,1925145539,1742723057,terminado,1,Región Andina
2019-04-26,2024-04-04,73,tolima,73873,villarrica(tol),nueva población beneficiada alcantarillado urbano,rehabilitacion tramos de alcantarillado  (calle principal) existente del casco urbano del municipio de villarrica,ola invernal mayor,0,503632560,en liquidación,1,Región Andina
2021-12-14,2024-04-04,44,la guajira,44110,el molino(la ),nueva población beneficiada acueducto urbano,"optimización del sistema de acueducto del municipio de el molino, departamento de la guajira",pda,0,2696050631,terminado,1,Región Caribe
2021-05-29,2024-04-04,52,nariño,52378,la cruz(nar),nueva población beneficiada alcantarillado rural,construccion unidades sanitarias para el mejoramiento de las condiciones de saneamiento de la zona rural del municipio de la cruz,pda,1735748969,757288529,liquidado contrato obra,1,Región Pacífica
2021-10-22,2024-04-04,25,cundinamarca,25473,mosquera(cun),nueva población beneficiada alcantarillado urbano,optimizacion redes de alcantarillado sanitario y pluvial y la construccion estacion de bombeo de alcantarillado de aguas lluvias del barrio el porvenir rio municipio de mosquera fase i.-estacion de bombeo de alcantarillado aguas lluvias.,pda,0,4282184385,liquidado contrato obra,1,Región Andina
2018-12-21,2024-04-04,19,cauca,19364,jambaló(cau),nueva población beneficiada acueducto rural,construccion sistema de acueducto interveredal y obra de optimizacion tanques de almacenamiento zona baja municipio de jambalo,pda,1184191115,2648751430,liquidado contrato obra,1,Región Pacífica
2022-03-03,2024-04-04,25,cundinamarca,25491,nocaima(cun),nueva población beneficiada alcantarillado urbano,mejoramiento red de alcantarillado municipio de nocaima,pda,0,5252494668,en liquidación,1,Región Andina
2020-03-29,2024-04-04,70,sucre,70001,sincelejo(suc),nueva población beneficiada acueducto urbano,construccion del tramo ii de la linea de aduccion del campo de pozos san jorge para el municipio de sincelejo desde el k0+000 hasta k9+100 para el municipio de sincelejo,pgn,20909791629,0,en liquidación,1,Región Caribe
2018-12-31,2024-04-04,13,bolivar,13212,córdoba(bol),nueva población beneficiada alcantarillado urbano,contruccion del sistema de alcantarillado de la cabecera municipal de cordoba,pda,3780000000,11539441154,liquidado contrato obra,1,Región Caribe
2019-08-23,2024-04-04,70,sucre,70708,san marcos(suc),nueva población beneficiada alcantarillado urbano,construccion de la primera etapa del plan maestro de alcantarillado sanitario en la zona urbana del municipio de san marcos,pgn,12560199480,0,liquidado,1,Región Caribe
2019-08-13,2024-04-04,13,bolivar,13430,magangué(bol),nueva población beneficiada acueducto urbano,"optimización, construccion y  ampliación del sistema de distribución del  acueducto del municipio de magangué, departamento de bolivar",pgn,25212073695,0,liquidado,1,Región Caribe
2018-12-31,2024-04-04,86,putumayo,86573,puerto leguizamo(put),nueva población beneficiada acueducto rural,formulación y estructuración del proyecto integral de abastecimiento de agua y manejo de aguas residuales del centro poblado de puerto ospina municipio de puerto leguizamo,programa rural,3818319483,1543272350,terminado,1,Región Amazonía
2018-12-31,2024-04-04,86,putumayo,86573,puerto leguizamo(put),nueva población beneficiada alcantarillado rural,formulación y estructuración del proyecto integral de abastecimiento de agua y manejo de aguas residuales del centro poblado de puerto ospina municipio de puerto leguizamo,programa rural,3818319483,1543272350,terminado,1,Región Amazonía
2021-02-19,2024-04-04,68,santander,68669,san andres(san),nueva población beneficiada alcantarillado urbano,"optimización y ampliacion del alcantarillado sanitario y pluvial del casco urbano del municipio de san andres, santander",pgn,4368608078,1946404544,liquidado,1,Región Andina
2021-10-30,2024-04-04,25,cundinamarca,"25000, 25328, 25335, 25530",">cundinamarca<, guayabal de siquima(cun), guayabetal(cun), paratebueno(cun)",nueva población beneficiada alcantarillado rural,construcción de unidades sanitaria para las zonas mas afectadas por el conflicto armado del departamento de cundinamarca,obras por impuestos,0,0,liquidado,4,Región Andina
2021-10-27,2024-04-04,13,bolivar,13458,montecristo(bol),nueva población beneficiada acueducto urbano,"construcción, optimización, ampliación del sistema de acueducto de la cabecera municipal de montecristo.",pda,4665364188,5927176755,en liquidación,1,Región Caribe
2018-11-20,2024-04-04,41,huila,41378,la argentina(hui),nueva población beneficiada acueducto urbano,plan maestro de acueducto y alcantarillado fase i-municipio de la argentina,pgn,6250698869,0,liquidado,1,Región Andina
2021-10-08,2024-04-04,8,atlantico,8078,baranoa(atl),nueva población beneficiada acueducto rural,"actualización de los estudios, diseños, construcción y puesta en funcionamiento del proyecto de redes de acueducto del corregimiento de campeche en el municipio de baranoa, departamento del atlántico.",pre-inversión,3946734135,0,en liquidación,1,Región Caribe
2021-05-31,2024-04-04,70,sucre,70708,san marcos(suc),nueva población beneficiada alcantarillado urbano,extensión de redes de alcantarillado sanitario en la zona urbana del municipio de san marcos,pgn,3314683459,0,en liquidación,1,Región Caribe
2022-06-29,2024-04-04,47,magdalena,47258,el piñon(mag),nueva población beneficiada acueducto rural,"ampliacion y optimizacion del sistema de acueducto de los corregimientos de sabanas, san basilio y playon de orozco, municipio de el piñon.",pda,0,6284603303,terminado,1,Región Caribe
2022-03-25,2024-04-04,47,magdalena,47745,sitionuevo(mag),nueva población beneficiada acueducto rural,optimizacion y ampliacion del sistema de acueducto del corregimiento de palermo municipio de sitionuevo,pda,0,6025447987,terminado,1,Región Caribe
2019-11-23,2024-04-04,15,boyaca,15897,zetaquira(boy),nueva población beneficiada alcantarillado rural,construccion cuarenta (40) unidades sanitarias con saneamiento basico para vivienda rural dispersa del municipio de zetaquira,bid,454513123,0,liquidado,1,Región Andina
2019-02-21,2024-04-04,86,putumayo,86569,puerto caicedo(put),nueva población beneficiada alcantarillado rural,"construccion de unidades sanitarias en el municipio de puerto caicedo, departamento del putumayo",bid,8268421242,0,en liquidación,1,Región Amazonía
2019-11-30,2024-04-04,13,bolivar,13062,arroyohondo(bol),nueva población beneficiada alcantarillado urbano,sistema de alcantarillado de la cabecera municipal de arroyohondo segunda etapa,pda,230524313,8774794344,en liquidación,1,Región Caribe
2019-05-31,2024-04-04,13,bolivar,13468,mompox(bol),nueva población beneficiada acueducto urbano,"construccion, ampliacion, optimizacion y/o rehabilitacion del sistema de acueducto de la cabecera municipal de santa cruz de mompox fase i",pda,1546702315,3910056036,en liquidación,1,Región Caribe
2019-04-21,2024-04-04,25,cundinamarca,25307,girardot(cun),nueva población beneficiada acueducto urbano,"construcción acueducto, alcantarillado  sanitario y pluvial en el proyecto urbanistico valle del sol etapa ii  girardot, cundinamarca",pda,0,704827034,terminado,1,Región Andina
2019-04-21,2024-04-04,25,cundinamarca,25307,girardot(cun),nueva población beneficiada alcantarillado urbano,"construcción acueducto, alcantarillado  sanitario y pluvial en el proyecto urbanistico valle del sol etapa ii  girardot, cundinamarca",pda,0,704827034,terminado,1,Región Andina
2019-11-07,2024-04-04,47,magdalena,47720,santa barbara de pinto(mag),nueva población beneficiada alcantarillado urbano,construcción del sistema de alcantarillado sanitario  del municipio de santa bárbara de pinto departamento del magdalena - fase ii,pda,0,3197330077,liquidado contrato obra,1,Región Caribe
2021-11-29,2024-04-04,15,boyaca,15507,otanche(boy),nueva población beneficiada alcantarillado urbano,construcción del sistema de alcantarillado pluvial y optmizacion del sistema de alcantarillado sanitario del municipio de otanche - boyacá,pda,0,2591535232,terminado,1,Región Andina
2021-03-23,2024-04-04,63,quindio,63470,montenegro(qui),nueva población beneficiada acueducto rural,construccion de la linea de expansion del sistema de acueducto hacia el sector rural del municipio de montenegro sector el castillo-el cuzco,pgn,3874044476,0,liquidado,1,Región Andina
2022-05-27,2024-04-04,8,tolima,73624,rovira(tol),nueva población beneficiada acueducto urbano,optimizacion acueducto urbano del municipio de rovira,pda,2631205957,1819063708,terminado,1,Región Andina
2021-11-03,2024-04-04,41,atlantico,8638,sabanalarga(atl),nueva población beneficiada acueducto urbano,ampllacion redes de acueducto municipio de sabanalarga sector 1 y 2 - etapa i,pgn,3643185270,565302035,en liquidación,1,Región Caribe
2021-11-04,2024-04-04,52,huila,41483,nataga(hui),nueva población beneficiada acueducto urbano,construcción plan maestro de acueducto del municipio de nataga-huila  fase i,pda,0,3980121365,liquidado,1,Región Andina
2019-01-03,2024-04-04,52,nariño,52788,tangua(nar),nueva población beneficiada acueducto rural,"optimizacion sistemas de acueducto para las veredas ajos, tambor, cebadal y buena esperanza del municipio de tangua",pda,850755674,660991712,liquidado,1,Región Pacífica
2020-12-02,2024-04-04,25,cundinamarca,25875,villeta(cun),nueva población beneficiada acueducto rural,construccion para la optimizacion del sistema acueducto y alcantarillado del centro poblado el puente municpio de villeta,pda,0,1264333207,liquidado contrato obra,1,Región Andina
2020-12-02,2024-04-04,25,cundinamarca,25875,villeta(cun),nueva población beneficiada alcantarillado rural,construccion para la optimizacion del sistema acueducto y alcantarillado del centro poblado el puente municpio de villeta,pda,0,1264333207,liquidado contrato obra,1,Región Andina
2018-09-11,2024-04-04,25,cundinamarca,25126,cajica(cun),nueva población beneficiada alcantarillado urbano,construccion para la optimizacion del sistema de alcantarillado del centro urbano de cajica,pda,2342967710,6963429394,en liquidación,1,Región Andina
2019-07-05,2024-04-04,95,guaviare,95200,miraflores(gua),nueva población beneficiada alcantarillado urbano,plan maestro de  alcantarillado municipio de miraflores fase 2,pda,2406482495,3692518983,liquidado contrato obra,1,Región Orinoquía
2022-03-30,2024-04-04,76,valle del cauca,76616,riofrio(val),nueva población beneficiada alcantarillado rural,mejoramiento y ampliación del sistema de alcantarillado y construcción de la ptar del corregimiento de salónica - municipio riofrio,bid,7125387405,0,en liquidación,1,Región Pacífica
2020-08-10,2024-04-04,76,valle del cauca,76828,trujillo(val),nueva población beneficiada acueducto rural,"construcción del sistema de traatamiento de agua potable, redes de abastecimiento y soluciones individuales de saneamiento para la vereda culebras del municipio de trujillo",bid,3298850180,0,en liquidación,1,Región Pacífica
2020-08-10,2024-04-04,76,valle del cauca,76828,trujillo(val),nueva población beneficiada alcantarillado rural,"construcción del sistema de traatamiento de agua potable, redes de abastecimiento y soluciones individuales de saneamiento para la vereda culebras del municipio de trujillo",bid,3298850180,0,en liquidación,1,Región Pacífica
2022-05-13,2024-04-04,8,atlantico,8078,baranoa(atl),nueva población beneficiada acueducto rural,construcción de las redes del acueducto del corregimiento de sibarco en el municipio de baranoa – departamento del atlántico,pgn,1442488724,889143254,terminado,1,Región Caribe
2021-12-06,2024-04-04,68,santander,68655,sabana de torres(san),nueva población beneficiada acueducto rural,"construcción del acueducto para las veredas cristales la ye y cayumbita del área rural del municipio de sabana de torres, santander",obras por impuestos,0,0,liquidado,1,Región Andina
2023-06-21,2024-04-04,52,nariño,52378,la cruz(nar),nueva población beneficiada alcantarillado rural,construcción de unidades sanitarias con tratamiento de aguas residuales en la zona rural dispersa del municipio de la cruz nariño,pda,0,1499223043,terminado,1,Región Pacífica
2023-09-04,2024-04-04,88,san andres,88001,san andres(san),nueva población beneficiada alcantarillado urbano,"expansion de redes de alcantarillado sanitario en los distritos 1,2,y 3 san andrés",pda,5553725521,1477513779,liquidado contrato obra,1,Región Desconocida
2021-12-30,2024-04-04,8,atlantico,8638,sabanalarga(atl),nueva población beneficiada alcantarillado rural,"construcción de planta de tratamiento de aguas residuales para los corregimientos de aguada de pablo y la peña, municipio de sabanalarga",bid,9287399692,0,en liquidación,1,Región Caribe
2020-01-15,2024-04-04,8,atlantico,8638,sabanalarga(atl),nueva población beneficiada alcantarillado rural,construcción de alcantarillado sanitario del corregimiento de la peña municipio de sabanalarga.,bid,4846862317,0,en liquidación,1,Región Caribe
2019-05-24,2024-04-04,41,huila,41298,garzon(hui),nueva población beneficiada acueducto urbano,plan maestro de acueducto municipio de garzon fase 1,pda,1452963501,9963904256,en liquidación,1,Región Andina
2020-10-10,2024-04-04,41,huila,41001,neiva(hui),nueva población beneficiada alcantarillado urbano,construccion interceptor aguas lluvias carrera 18 entre calle 41 y 50 comuna 2 municipio de neiva,pda,0,1592614548,terminado,1,Región Andina
2021-12-12,2024-04-04,41,huila,41807,timana(hui),nueva población beneficiada alcantarillado urbano,rehabilitación de alcantarillado sanitario de la carrera 4 entre calle 7 a calle 10 del municipio de timana departamento del huila,ola invernal mayor,0,474460194,terminado,1,Región Andina
2021-10-26,2024-04-04,81,arauca,81794,tame(ara),nueva población beneficiada acueducto rural,construcción de un acueducto con agua potable para las veredas angosturas el triunfo y el centro poblado de corocito del municipio de tame – departamento de arauca,obras por impuestos,0,0,liquidado contrato obra,1,Región Orinoquía
2022-07-15,2024-04-04,8,atlantico,8573,puerto colombia(atl),nueva población beneficiada acueducto urbano,construcción de las redes de acueducto para la zona sur occidental del municipio de puerto colombia,pgn,859527012,947502180,terminado,1,Región Caribe
2021-06-28,2024-04-04,5,antioquia,5837,turbo(ant),nueva población beneficiada acueducto urbano,construccion de tanque de almacenamiento de piso  la lucila ii y obras accesorias en el sistema de acueducto del municipio de turbo,obras por impuestos,0,0,liquidado contrato obra,1,Región Andina
2021-08-28,2024-04-04,5,antioquia,5837,turbo(ant),nueva población beneficiada alcantarillado urbano,"construcción redes de alcantarillado distrito sur y estación de bombeo de aguas residuales la yuquita, fase 1 – municipio de turbo",pgn,22029626267,2500000000,en liquidación,1,Región Andina
2020-12-18,2024-04-04,5,antioquia,5837,turbo(ant),nueva población beneficiada alcantarillado urbano,"construcción extensión construcción redes de alcantarillado del barrio obrero municipio turbo, antioquia, occidente turbo",obras por impuestos,0,0,liquidado contrato obra,1,Región Andina
2021-06-30,2024-04-04,5,antioquia,5031,amalfi(ant),nueva población beneficiada acueducto rural,construcción acueducto vereda caracolí municipio de amalfi,obras por impuestos,0,0,liquidado contrato obra,1,Región Andina
2022-03-15,2024-04-04,15,boyaca,15332,guican(boy),nueva población beneficiada acueducto urbano,optimización de redes de alcantarillado y del sistema de acueducto del municipio de güican de la sierra,pda,0,2462043630,liquidado contrato obra,1,Región Andina
2020-09-07,2024-04-04,68,santander,68344,hato(san),nueva población beneficiada alcantarillado urbano,"ampliacion y optimizacion sistema de alcantarillado sanitario e interceptores pluviales, casco urbano municipio de hato",pgn,3073478990,269447756,liquidado contrato obra,1,Región Andina
2021-04-30,2024-04-04,19,cauca,"19142, 19698","caloto(cau), santander de quilichao(cau)",nueva población beneficiada alcantarillado rural,"construcción de sistemas individuales de saneamiento básico para las veredas palestina, santa maria de santander de quilichao y la vereda  morales del municipio de caloto - pdet",obras por impuestos,0,0,liquidado contrato obra,2,Región Pacífica
2018-11-06,2024-04-04,27,choco,27006,acandi(cho),nueva población beneficiada acueducto rural,optimización y ampliación del sistema de acueducto del corregimiento de capurgana municipio de acandi,todos por el pacífico,7891517828,0,terminado,1,Región Pacífica
2019-11-08,2024-04-04,27,choco,27006,acandi(cho),nueva población beneficiada acueducto urbano,optimización y ampliación del sistema de acueducto del municipio de acandi,todos por el pacífico,11929315274,0,terminado,1,Región Pacífica
2024-02-20,2024-04-04,20,cesar,20175,chimichagua(ces),nueva población beneficiada alcantarillado rural,"construcción de las redes de alcantarillado sanitario, estaciones de bombeo y sistemas de tratamiento de aguas residuales del corregimiento de saloa municipio de chimichagua-cesar",pgn,7737967301,3473414557,terminado,1,Región Caribe
2020-02-27,2024-04-04,52,nariño,52687,san lorenzo(nar),nueva población beneficiada alcantarillado urbano,"mejoramiento de las condiciones de saneamiento rural mediante la implementación de acciones de descontaminación, educación y preservación ambiental en la cuenca del rio juanambu, municipio de san lorenzo -nariño",pda,0,1466418062,terminado,1,Región Pacífica
2019-07-20,2024-04-04,5,antioquia,5045,apartadó(ant),nueva población beneficiada acueducto urbano,construcción pozo profundo y  obras accesorias para nueva fuente de captación de agua subterránea  del sistema de acueducto en el municipio de apartadó,pgn,3559506445,30144552,liquidado,1,Región Andina
2020-09-15,2024-04-04,47,magdalena,47058,ariguani(mag),nueva población beneficiada acueducto urbano,construcción de la linea de conducción de la ebap 2 a la ebap 3 del sistema de acueducto del municipio de ariguani (poi 3),pda,0,5387214653,liquidado contrato obra,1,Región Caribe
2019-01-15,2024-04-04,17,caldas,17380,la dorada(cal),nueva población beneficiada alcantarillado urbano,optimizacion redes de alcantarillado barrio las ferias iii fase en el municipio de la dorada,pgn,5342170422,87380067,liquidado,1,Región Andina
2018-11-24,2024-04-04,44,la guajira,44430,maicao(la ),nueva población beneficiada acueducto urbano,"presurizacion red de acueducto, incluye proyecto piloto, micromedicion, eliminacion de fraudes y proceso de divulgacion y campañas de socializacion del municipio de maicao",pda,0,8788796454,terminado,1,Región Caribe
2019-12-20,2024-04-04,27,choco,27099,bojaya (bellavista)(cho),nueva población beneficiada acueducto urbano,optimizacion del sistema de acueducto de la cabecera municipal de bojaya,pgn,4560847254,0,liquidado,1,Región Pacífica
2019-07-02,2024-04-04,70,sucre,70670,sampues(suc),nueva población beneficiada acueducto urbano,optimizacion y ampliacion del sistema de acueducto de la cabecera de sampues fase i,pda,5540140406,3849567780,terminado,1,Región Caribe
2019-09-30,2024-04-04,47,magdalena,47053,aracataca(mag),nueva población beneficiada acueducto rural,"optimización y ampliación del sistema de acueducto de los corregimientos de buenos aires y sampués del municipio de aracataca, departamento del magdalena",pda,0,6292128227,liquidado contrato obra,1,Región Caribe
2020-07-13,2024-04-04,86,putumayo,86885,villagarzon(put),nueva población beneficiada alcantarillado rural,"construcción unidad sanitaria y sistema de tratamiento prefabricado para viviendas dispersas, municipio de villagrazón",obras por impuestos,0,0,liquidado,1,Región Amazonía
2018-12-31,2024-04-04,86,putumayo,86320,orito(put),nueva población beneficiada acueducto urbano,"construccion sistema de captacion, desarenador y conduccion en la quebrada la fragua para el acueducto del casco urbano municipio de orito",pda,2538295539,648582521,terminado,1,Región Amazonía
2020-02-28,2024-04-04,63,quindio,63190,circasia(qui),nueva población beneficiada acueducto rural,construcción de la línea de expansión del sistema de acueducto hacia el sector rural del municipio de circasia sector hojas anchas y la cristalina,pgn,3560314006,0,liquidado,1,Región Andina
2021-02-11,2024-04-04,44,la guajira,44430,maicao(la ),nueva población beneficiada acueducto rural,implementación modelo de distribución de agua potable para las comunidades indígenas wayúu de la zona rural dispersa del municipio de maicao - la guajira maicao,obras por impuestos,0,0,en liquidación,1,Región Caribe
2021-03-04,2024-04-04,13,bolivar,13657,san juan nepomuceno(bol),nueva población beneficiada acueducto urbano,construccion de obras para la optimizacion del acueducto de la cabecera municipal de san juan nepomuceno.,pda,0,4758252788,en liquidación,1,Región Caribe
2019-02-14,2024-04-04,73,tolima,73675,san antonio(tol),nueva población beneficiada acueducto urbano,optimizacion del sistema de suministro de agua para el acueducto del municipio de san antonio,contrato plan,2370473240,290704118,liquidado,1,Región Andina
2019-08-02,2024-04-04,8,atlantico,8685,santo tomás(atl),nueva población beneficiada acueducto urbano,construccion sistema de acueducto barrio la arenosa municipio de santo tomas,pda,906790312,19990696,terminado,1,Región Caribe
2018-11-24,2024-04-04,19,cauca,19585,puracé(cau),nueva población beneficiada alcantarillado urbano,"construccion, obras de optimizacion y ampliacion sistema de alcantarillado sanitario cabecera municipal coconuco municipio de purace",pda,1639767714,2483160334,liquidado contrato obra,1,Región Pacífica
2018-12-17,2024-04-04,52,nariño,52001,pasto(nar),nueva población beneficiada alcantarillado urbano,construccion colector aranda municipio de pasto,pgn,18756082361,162601600,liquidado,1,Región Pacífica
2019-12-27,2024-04-04,52,nariño,52693,san pablo(nar),nueva población beneficiada alcantarillado rural,construcción unidades sanitarias para el mejoramiento de las condiciones de saneamiento de la zona rural del municipio de san pablo,pgn,2566333012,0,liquidado,1,Región Pacífica
2021-03-26,2024-04-04,13,bolivar,13160,cantagallo(bol),nueva población beneficiada alcantarillado rural,construcción de 150 unidades sanitarias para viviendas dispersas en la zona baja del área rural del municipio de cantagallo,obras por impuestos,0,0,en liquidación,1,Región Caribe
2020-06-30,2024-04-04,47,magdalena,"47053, 47058, 47161, 47460, 47555","aracataca(mag), ariguani(mag), cerro san antonio(mag), nueva granada(mag), plato(mag)",nueva población beneficiada acueducto urbano,"construcción de las redes de acueducto y alcantarillado de los municipios de aracataca, nueva granada, ariguaní, plato y cerro de san antonio, en el departamento del magdalena",pda,0,29519963930,terminado,5,Región Caribe
2020-06-30,2024-04-04,47,magdalena,"47053, 47058, 47161, 47460, 47555","aracataca(mag), ariguani(mag), cerro san antonio(mag), nueva granada(mag), plato(mag)",nueva población beneficiada alcantarillado urbano,"construcción de las redes de acueducto y alcantarillado de los municipios de aracataca, nueva granada, ariguaní, plato y cerro de san antonio, en el departamento del magdalena",pda,0,29519963930,terminado,5,Región Caribe
2020-12-09,2024-04-04,47,magdalena,47170,chivolo(mag),nueva población beneficiada alcantarillado rural,"construccion del sistema de alcantarillado sanitario del corregimiento de la estrella, municipio de chibolo",pda,0,2732924997,terminado,1,Región Caribe
2019-04-27,2024-04-04,47,magdalena,47268,el reten(mag),nueva población beneficiada alcantarillado urbano,construccion del sistema de alcantarillado sanitario del municipio de el reten,pda,756862257,9531403911,terminado,1,Región Caribe
2020-09-30,2024-04-04,47,magdalena,47170,chivolo(mag),nueva población beneficiada alcantarillado rural,construccion del sistema de alcantarillado del corregimiento de la china municipio de chibolo,pda,0,3700155442,terminado,1,Región Caribe
2020-12-17,2024-04-04,47,magdalena,47001,santa marta(mag),nueva población beneficiada alcantarillado urbano,construccion alcantarillado sanitario etapa ii e instalacion redes de alcantarillado sanitario etapa i en el sistema sur en santa marta,pda,8499032669,6192170960,terminado,1,Región Caribe
2020-03-06,2024-04-04,47,magdalena,47053,aracataca(mag),nueva población beneficiada alcantarillado rural,"construcción del sistema de alcantarillado sanitario en el corregimiento de cauca, municipio de aracataca",pda,0,2623331888,terminado,1,Región Caribe
2021-03-19,2024-04-04,47,magdalena,47555,plato(mag),nueva población beneficiada acueducto rural,"optimización y ampliación del sistema de acueducto del corregimiento de disciplina, municipio de plato, departamento del magdalena",pda,0,1378884932,terminado,1,Región Caribe
2019-05-31,2024-04-04,47,magdalena,47030,algarrobo(mag),nueva población beneficiada alcantarillado urbano,construccion del sistema de alcantarillado del municipio de algarrobo fase i,pda,0,13277389818,en liquidación,1,Región Caribe
2019-07-11,2024-04-04,47,magdalena,47551,pivijay(mag),nueva población beneficiada acueducto rural,"construcción del sistema de acueducto del  corregimiento de piñuelas, municipio de pivijay, departamento del magdalena",pda,0,1768846273,en liquidación,1,Región Caribe
2021-08-05,2024-04-04,73,tolima,73671,saldaña(tol),nueva población beneficiada acueducto urbano,construccion de una fuente alterna de suministro para el sistema de acueducto casco urbano del municipio del saldaña.,pda,762687044,1290149730,terminado,1,Región Andina
2019-11-30,2024-04-04,13,bolivar,13620,san cristobal(bol),nueva población beneficiada alcantarillado urbano,construccion del sistema de alcantarillado y tratamiento de aguas residuales para la cabecera del municipiol de san cristobal etapa i - bolivar,pda,0,4350743694,en liquidación,1,Región Caribe
2018-10-31,2024-04-04,68,santander,68179,chipata(san),nueva población beneficiada alcantarillado urbano,plan maestro de alcantarillado sanitario y pluvial del municipio de chipata.,pda,537559101,2736918211,liquidado contrato obra,1,Región Andina
2019-06-30,2024-04-04,5,antioquia,5209,concordia(ant),nueva población beneficiada acueducto urbano,construcción del plan maestro de acueducto del municipio de concordia etapa ii,pda,0,3042608871,liquidado,1,Región Andina
2019-05-17,2024-04-04,44,la guajira,44035,albania(la ),nueva población beneficiada acueducto urbano,construcion del nuevo acueducto para la cabecera municipal de albania fase i,pda,0,11038602804,terminado,1,Región Caribe
2019-06-17,2024-04-04,41,huila,41518,paicol(hui),nueva población beneficiada alcantarillado urbano,construcción planta de tratamiento de aguas residuales domesticas casco urbano del municipio de paicol-huila,pda,0,1533655867,liquidado,1,Región Andina
2019-06-23,2024-04-04,91,amazonas,91460,mirití - paraná(ama),nueva población beneficiada acueducto rural,"construccion del sistema de acueducto centro poblado e internado del corregimiento miriti parana ( (barcaza flotante, linea de aduccio, ptap, almacenamiento y red de distribucion)",pda,131388019,2982358900,liquidado,1,Región Amazonía
2018-12-31,2024-04-04,68,santander,68307,giron(san),nueva población beneficiada acueducto rural,"construcción red secundaria de distribución de acueducto y tanque de almacenamiento sectores altos de nazareth, el nilo, la panadería y parada de pablo de la vereda ruitoque del municipio de girón",tasa compensada,0,1094691057,terminado,1,Región Andina
2019-06-28,2024-04-04,47,magdalena,47030,algarrobo(mag),nueva población beneficiada alcantarillado urbano,"construcción del sistema de alcantarillado  sanitario del municipio de algarrobo, magdalena - fase ii",pgn,7180803864,0,liquidado,1,Región Caribe
2019-12-28,2024-04-04,25,cundinamarca,25807,tibirita(cun),nueva población beneficiada acueducto urbano,construccion de las obras de optimizacion de los sistemas de acueducto del municipio de tibirita,pda,0,604532366,liquidado contrato obra,1,Región Andina
2021-11-30,2024-04-04,44,la guajira,44430,maicao(la ),nueva población beneficiada acueducto rural,"construcción de obras en el punto de producción, sistema de tratamiento osmosis inversa, construcción pilas aferentes, suministro de dotación para pilas, componente social y aseguramiento en la comunidad de amaripa, municipio de maicao, la guajira",obras por impuestos,0,0,terminado,1,Región Caribe
2020-09-29,2024-04-04,15,boyaca,15109,buenavista(boy),nueva población beneficiada alcantarillado urbano,construccion del plan maestro de alcantarillado combinado de buenavista-boyaca,pda,0,2697431466,liquidado contrato obra,1,Región Andina
2021-07-29,2024-04-04,41,huila,41001,neiva(hui),nueva población beneficiada alcantarillado urbano,"construccion del alcantarillado sanitario barrio barreiro comprendido entre calles 27 a 29 y carreras 52"" a 55""; barrio miraflores comprendido entre calles 22 a 24 y carreras 55"" a 63; barrio plamas ii  comprendido entre calles 22 a 20 y carreras 63 a 64; barrio neiva  ya comprendido entre calles 20"" a 19 y carreras 61"" a 64 y tramos  de conexión con el interceptor del rio las ceibas. sector la media  luna comuna 10 de la ciudad de neiva - huila. fase iii",pda,535500000,7536685849,liquidado,1,Región Andina
2022-03-02,2024-04-04,44,la guajira,44001,riohacha(la ),nueva población beneficiada acueducto urbano,ampliación de redes de acueducto en el distrito de riohacha,obras por impuestos,0,0,liquidado,1,Región Caribe
2021-06-25,2024-04-04,15,boyaca,15442,maripi(boy),nueva población beneficiada acueducto urbano,construccion plan maestro de acueducto y alcantarillado fase i municipio de maripi,pda,987129526,442990290,en liquidación,1,Región Andina
2021-06-25,2024-04-04,15,boyaca,15442,maripi(boy),nueva población beneficiada alcantarillado urbano,construccion plan maestro de acueducto y alcantarillado fase i municipio de maripi,pda,987129526,442990290,en liquidación,1,Región Andina
2021-09-06,2024-04-04,63,quindio,63001,armenia(qui),nueva población beneficiada alcantarillado urbano,"optimizacion de alcantarillados barrios la miranda, ciudadela, nuevo armenia y la linda de, municipio de armenia",pgn,2170210481,261828929,en liquidación,1,Región Andina
2018-11-06,2024-04-04,20,cesar,20060,bosconia(ces),nueva población beneficiada acueducto urbano,elaboracion plan maestro de acueducto y diseños de detalle para la optimizacion del acueducto de la cabecera municipal de bosconia cesar,pgn,1265619777,0,liquidado,1,Región Caribe
2019-02-28,2024-04-04,47,magdalena,47960,zapayan(mag),nueva población beneficiada alcantarillado urbano,construccion del sistema de  alcantarillado sanitario de la cabecera del municipio de zapayán,pda,0,5296151252,liquidado contrato obra,1,Región Caribe
2020-07-31,2024-04-04,88,san andres,88001,san andres(san),nueva población beneficiada alcantarillado urbano,construccion del sistema de alcantarillado sanitario del distrito no. 4 (incluye estacion de bombeo y redes secundarias ) san andres,pgn,31546817421,0,terminado,1,Región Desconocida
2020-09-07,2024-04-04,25,cundinamarca,25372,junín(cun),nueva población beneficiada alcantarillado urbano,construccion de la planta de tratamiento de aguas residuales (ptar) del casco urbano del municipio de junin,pda,0,1313423785,terminado,1,Región Andina
2020-09-29,2024-04-04,25,cundinamarca,25862,vergara(cun),nueva población beneficiada alcantarillado urbano,construccion  para la optimizacion del sistema de alcantarillado del centro urbano municipio de vergara,pda,0,2144711617,terminado,1,Región Andina
2020-02-03,2024-04-04,50,meta,50001,villavicencio(met),nueva población beneficiada alcantarillado urbano,construccion alcantarillado pluvial en el barrio san carlos en el municipio de villavicencio,pgn,6559012246,0,liquidado,1,Región Orinoquía
2021-07-29,2024-04-04,73,tolima,73055,armero (guayabal)(tol),nueva población beneficiada acueducto urbano,mejoramiento del sistema de acueducto urbano según plan maestro del municipio de armero guayabal - tollma,pda,2000000000,9096606923,terminado,1,Región Andina
2019-12-22,2024-04-04,70,sucre,70215,corozal(suc),nueva población beneficiada alcantarillado urbano,construccion del sistema de alcantarillado sanitario para los barrios la paz y monserrate en la zona urbana del municipio de corozal,pgn,2436836416,0,liquidado,1,Región Caribe
2021-05-28,2024-04-04,13,bolivar,13838,turbaná(bol),nueva población beneficiada acueducto urbano,construcción del sistema de acueducto del municipio de turbana - bolivar,pda,0,17622793448,terminado,1,Región Caribe
2019-07-24,2024-04-04,13,bolivar,13490,norosí(bol),nueva población beneficiada acueducto urbano,"construccion, ampliacion, optimizacion y/o rehabilitacion del sistema de acueducto de la cabecera municipal de norosi",pda,2084347940,468439288,en liquidación,1,Región Caribe
2020-10-17,2024-04-04,86,putumayo,86001,mocoa(put),nueva población beneficiada alcantarillado urbano,adquisición de un equipo de presión succión municipio de mocoa,bid,1620000000,0,liquidado,1,Región Amazonía
2020-08-04,2024-04-04,27,magdalena,47288,fundacion(mag),nueva población beneficiada alcantarillado urbano,ampliación y optimización del sistema de alcantarillado sanitario del municipio de fundación etapa ii,pgn,36537888134,0,liquidado,1,Región Caribe
2018-09-27,2024-04-04,68,choco,27050,atrato(cho),nueva población beneficiada alcantarillado urbano,construccion del sistema de alcantarillado del municipio de atrato,todos por el pacífico,6493246693,0,terminado,1,Región Pacífica
2019-06-26,2024-04-04,44,santander,68307,giron(san),nueva población beneficiada alcantarillado urbano,obras complementarias etapa ii fase 2 - reactor uasb 5 de la ptar rio frio municipio de giron,pgn,2489884597,0,liquidado,1,Región Andina
2021-06-12,2024-04-04,68,la guajira,44430,maicao(la ),nueva población beneficiada acueducto rural,modelo de distribucion de agua potable para las comunidades indigenas wayúu de la zona rural dispersa del municipio de maicao-la guajira,obras por impuestos,0,0,terminado,1,Región Caribe
2020-02-12,2024-04-04,25,santander,68547,piedecuesta(san),nueva población beneficiada acueducto urbano,"construccion del sistema de distribucion de agua potable sector ciudad teyuna fase ii, municipio de piedecuesta",pgn,2705732267,20025087,liquidado contrato obra,1,Región Andina
2020-03-15,2024-04-04,86,cundinamarca,25524,pandi(cun),nueva población beneficiada acueducto urbano,optimización de redes principales y construcción de redes secundarias acueducto regional de pandi cundinamarca fase iii,pda,0,1702522308,liquidado,1,Región Andina
2021-03-31,2024-04-04,86,putumayo,86001,mocoa(put),nueva población beneficiada acueducto urbano,"componente 4. fortalecimiento de capacidades  y educación sanitaria y ambiental en el municipio de mocoa, departamento de putumayo",bid,1119471080,0,liquidado,1,Región Amazonía
2021-03-31,2024-04-04,73,putumayo,86001,mocoa(put),nueva población beneficiada alcantarillado urbano,"componente 4. fortalecimiento de capacidades  y educación sanitaria y ambiental en el municipio de mocoa, departamento de putumayo",bid,1119471080,0,liquidado,1,Región Amazonía
2021-04-14,2024-04-04,66,tolima,73268,espinal(tol),nueva población beneficiada acueducto urbano,obras prioritarias del sistema de acueducto fase i  del municpio de espinal,pgn,8264612678,864335231,terminado,1,Región Andina
2020-06-17,2024-04-04,66,risaralda,66001,pereira(ris),nueva población beneficiada alcantarillado urbano,obras de optimización canalización quebrada egoyá municipio de pereira,tasa compensada,0,21666124214,liquidado,1,Región Andina
2020-01-08,2024-04-04,23,risaralda,66001,pereira(ris),nueva población beneficiada alcantarillado urbano,suministro y obras civiles para la construccion del trasvase de aguas residuales de la zona de drenajes del rio consota a la zona de drenajes del rio otun y descarga provisional municipio de pereira,tasa compensada,0,13795047162,liquidado,1,Región Andina
2023-09-18,2024-04-04,5,cordoba,23660,sahagun(cor),nueva población beneficiada acueducto urbano,optimizacion y ampliacion del sistema de acueducto en el municipio de sahagun fase ii (act),pgn,6118679519,4199093788,terminado,1,Región Caribe
2018-12-16,2024-04-04,52,antioquia,5142,caracolí(ant),nueva población beneficiada alcantarillado urbano,construcción del plan maestro de acueducto y alcantarillado de la zona urbana del municipio de caracoli- etapa 1 - antioquia,pda,0,3393507564,liquidado,1,Región Andina
2022-09-15,2024-04-04,15,nariño,52693,san pablo(nar),nueva población beneficiada alcantarillado rural,"optimizacion del alcantarillado  del corregimiento de briceño,  municipio de san pablo",pda,0,2711410015,liquidado,1,Región Pacífica
2023-02-20,2024-04-04,5,boyaca,15464,mongua(boy),nueva población beneficiada acueducto rural,"construcción de obras de optimizacion para los sistemas de acueductos rurales, palo armado y pantano grande, municipio de mongua",pgn,1867821941,19347474,en liquidación,1,Región Andina
2022-03-27,2024-04-04,66,antioquia,5310,gómez plata(ant),nueva población beneficiada alcantarillado urbano,"construcción de redes de alcantarillado en los barrios camellón, obrero, lourdes y los sectores el colegio y la carrera 51 del municipio de gómez plata",pgn,4760119249,2387613164,en liquidación,1,Región Andina
2021-10-11,2024-04-04,66,risaralda,66594,quinchía(ris),nueva población beneficiada acueducto urbano,optimización planta de tratamiento de agua potable del municipio de quinchía,pda,0,550252622,terminado,1,Región Andina
2019-07-31,2024-04-04,66,risaralda,66572,pueblo rico(ris),nueva población beneficiada acueducto urbano,implementacion del plan maestro de acueducto y alcantarillado fase i pueblo rico,pda,0,2353900542,terminado,1,Región Andina
2019-07-31,2024-04-04,66,risaralda,66572,pueblo rico(ris),nueva población beneficiada alcantarillado urbano,implementacion del plan maestro de acueducto y alcantarillado fase i pueblo rico,pda,0,2353900542,terminado,1,Región Andina
2019-03-26,2024-04-04,54,risaralda,66572,pueblo rico(ris),nueva población beneficiada acueducto rural,optimizacion del sistema de acueducto del corregimiento de santa cecilia municipio de pueblo rico,pda,1298418080,266731626,terminado,1,Región Andina
2019-07-26,2024-04-04,54,n de santander,54673,san cayetano(n d),nueva población beneficiada acueducto rural,optimizacion aduccion acueducto corregimiento de cornejo municipio de san cayetano,pda,1827179844,104011892,terminado,1,Región Desconocida
2021-12-30,2024-04-04,54,n de santander,54518,pamplona(n d),nueva población beneficiada alcantarillado urbano,conexion de vertimientos principales al sistema de alcantarillado urbano de pamplona,pda,0,824337454,terminado,1,Región Desconocida
2021-03-23,2024-04-04,54,n de santander,54405,los patios(n d),nueva población beneficiada alcantarillado urbano,construccion interceptores sur oriental y nor occidental alcantarillado los patios (reformulacion),pda,2878243822,437694630,terminado,1,Región Desconocida
2021-03-24,2024-04-04,54,n de santander,54385,la esperanza(n d),nueva población beneficiada acueducto rural,"optimizacion sistema de acueducto  corregimiento la pedregosa, municipio la esperanza",pda,596798571,3522834284,terminado,1,Región Desconocida
2021-11-19,2024-04-04,54,n de santander,54344,hacarí(n d),nueva población beneficiada acueducto rural,construccion sistema de acueducto en el centro poblado san jose del tarra del municipio de hacari,pda,0,1529593491,terminado,1,Región Desconocida
2022-03-12,2024-04-04,54,n de santander,54261,el zulia(n d),nueva población beneficiada acueducto rural,"optimización del  sistema de acueducto de la vereda de astilleros, municipio el zulia",tasa compensada,0,4640742990,terminado,1,Región Desconocida
2022-03-23,2024-04-04,85,casanare,85001,yopal(cas),nueva población beneficiada acueducto urbano,construccion  sistema de abastecimiento y tratamiento de agua potable para el casco urbano del municipio de yopal,pgn,61527056040,31126893970,terminado,1,Región Orinoquía
2018-12-31,2024-04-04,85,casanare,85001,yopal(cas),nueva población beneficiada acueducto urbano,"construccion del acueducto veredal para el corregimiento de tacarimena veredas: sirivana, palomas, la calceta, la manga, tacarimena, el tiestal, y los manantiales del municipio de yopal",pda,0,12677943685,terminado,1,Región Orinoquía
2020-02-27,2024-04-04,85,casanare,85430,trinidad(cas),nueva población beneficiada acueducto urbano,"ampliacion de la red de distribucion de agua potable y alcantarillado  sanitario, para la zona de expansion entre calles 1 y 6 sur, y de la carrera 6"" a la carrera 8"" del municipio de trinidad, departamento de casanare",pda,0,2273847896,terminado,1,Región Orinoquía
2020-02-27,2024-04-04,85,casanare,85430,trinidad(cas),nueva población beneficiada alcantarillado urbano,"ampliacion de la red de distribucion de agua potable y alcantarillado  sanitario, para la zona de expansion entre calles 1 y 6 sur, y de la carrera 6"" a la carrera 8"" del municipio de trinidad, departamento de casanare",pda,0,2273847896,terminado,1,Región Orinoquía
2020-10-15,2024-04-04,85,casanare,85430,trinidad(cas),nueva población beneficiada alcantarillado urbano,"optimizacion planta de tratamiento de aguas residuales del municipio de  trinidad, departamento de casanare.",pda,235394764,3286596611,terminado,1,Región Orinoquía
2023-01-23,2024-04-04,85,casanare,85400,tamara(cas),nueva población beneficiada acueducto rural,"construccion del acueducto interveredal delicias, guasaque, guchuva, la palma, chaparral, chitacote, alto grande, loma redonda, santa helena, cruz verde, la victoria, las isabeles del municipio de tamara",pda,0,18103328418,terminado,1,Región Orinoquía
2019-04-30,2024-04-04,85,casanare,85250,paz de ariporo(cas),nueva población beneficiada alcantarillado urbano,"construccion planta de tratamiento de aguas residuales del municipio de paz de ariporo, casanare",pda,0,15477706792,terminado,1,Región Orinoquía
2022-11-20,2024-04-04,52,nariño,52506,ospina(nar),nueva población beneficiada acueducto rural,construcción acueducto san isidro la florida del municipio de ospina - nariño,pda,0,1931273036,liquidado,1,Región Pacífica
2018-10-31,2024-04-04,44,la guajira,44430,maicao(la ),nueva población beneficiada acueducto urbano,"construccion obras de optimizacion hidraulica etapa iii de los sectores 1,2,3 y 4. rehabilitacion estructural y renovacion de las instalaciones hidraulicas de los tanques de almacenamiento loma fresca y san jose municipio de maicao.",pda,0,4058841035,terminado,1,Región Caribe
2018-10-30,2024-04-04,44,la guajira,44430,maicao(la ),nueva población beneficiada alcantarillado urbano,"construccion y reposicion de redes de alcantarillado sanitario y conexiones domiciliarias e intradomiciliarias barrios nueva esperanza, camilo torres, 11 de noviembre, villa ines, el bosque y zonas aledañas municipio de maicao *",pda,0,3832330298,terminado,1,Región Caribe
2023-12-22,2024-04-04,41,huila,41001,neiva(hui),nueva población beneficiada alcantarillado urbano,"construcción del alcantarillado sanitario y pluvial del barrio los andaquíes, comuna 1 de la ciudad de neiva",pda,0,4669278563,terminado,1,Región Andina
2019-10-29,2024-04-04,52,nariño,52022,aldana(nar),nueva población beneficiada alcantarillado rural,construcción de unidades sanitarias para hogares del sector rural del municipio de aldana departamento de nariño,pda,80000000,1382187614,liquidado contrato obra,1,Región Pacífica
2019-01-23,2024-04-04,52,nariño,52720,sapuyes(nar),nueva población beneficiada alcantarillado rural,rehabilitación sistema de alcantarillado carrera 6 entre calle 5 y 3 municipio de sapuyes. departamento de nariño.,ola invernal menor,0,223216848,en liquidación,1,Región Pacífica
2019-03-04,2024-04-04,52,nariño,52110,buesaco(nar),nueva población beneficiada alcantarillado rural,"ampliacion y optlmizacion del sistema de alcantarillado vereda juanambu, municipio de buesaco",pda,0,1209722323,en liquidación,1,Región Pacífica
2017-03-08,2024-04-04,52,nariño,52227,cumbal(nar),nueva población beneficiada acueducto rural,construccion del sistema de conduccion para el acueducto de la vereda nazate del resguardo indigena de chiles municipio de cumbal,pda,0,634806739,en liquidación,1,Región Pacífica
2019-02-26,2024-04-04,23,cordoba,23001,monteria(cor),nueva población beneficiada alcantarillado urbano,"extensión de redes de alcantarillado en los barrios bonanza, caribe y villa caribe de la ciudad de montería-córdoba",pgn,8103482036,0,liquidado,1,Región Caribe
2018-09-15,2024-04-04,5,antioquia,5002,abejorral(ant),nueva población beneficiada alcantarillado urbano,"construcción del plan  maestro de alcantarillado municipio de abejorral, primera etapa",pda,0,2097977296,liquidado,1,Región Andina
2022-12-30,2024-04-04,52,nariño,52083,belen(nar),nueva población beneficiada alcantarillado urbano,"optimización alcantarillado casco urbano municipio de belén, nariño, occidente",pda,450000000,4000704075,liquidado,1,Región Pacífica
2022-09-03,2024-04-04,52,nariño,52573,puerres(nar),nueva población beneficiada alcantarillado rural,ampliación y optimización del sistema de alcantarillado sanitario de la cabecera corregimiental san mateo municipio de puerres,pda,0,1463160157,liquidado,1,Región Pacífica
2022-12-07,2024-04-04,15,boyaca,15223,cubara(boy),nueva población beneficiada alcantarillado urbano,construccion del sistema de alcantarillado pluvial del municipio de cubara,pda,0,3694973643,en liquidación,1,Región Andina
2023-03-24,2024-04-04,15,boyaca,15646,samaca(boy),nueva población beneficiada alcantarillado urbano,"construcción planta de tratamiento de aguas residuales domesticas samacá, boyacá, centro oriente",pda,0,8655518754,en liquidación,1,Región Andina
2020-11-04,2024-04-04,52,nariño,52019,alban(nar),nueva población beneficiada alcantarillado rural,"mejoramiento de las condiciones de saneamiento rural mediante la implementacion de acciones de descontaminacion, educación y preservacion ambiental de la cuenca del rio quiña, municipio de san jose de  alban",pda,0,1610543280,liquidado,1,Región Pacífica
2022-04-29,2024-04-04,52,nariño,52224,cuaspud(nar),nueva población beneficiada alcantarillado urbano,ampliacion y optimizacion del sistema de alcantarillado de la cabecera municipal de cuaspud fase i,pda,0,4223989737,liquidado,1,Región Pacífica
2020-11-07,2024-04-04,52,nariño,52258,el tablon(nar),nueva población beneficiada alcantarillado urbano,"optimizacion y ampliación del alcantarillado de el tablón de gómez - cabecera municipal, departamento de nariño",pda,0,3590274497,liquidado,1,Región Pacífica
2019-06-13,2024-04-04,52,nariño,52260,el tambo(nar),nueva población beneficiada alcantarillado urbano,"rehabilltacion del sistema de alcantarillado del barrio madrigal, municipio de el tambo",ola invernal menor,0,241341591,liquidado,1,Región Pacífica
2022-12-05,2024-04-04,68,santander,68682,san joaquin(san),nueva población beneficiada alcantarillado rural,construcción de 25 unidades sanitarias con saneamiento básico para vivienda rural dispersa en san joaquin-santander,pgn,280541692,192528612,en liquidación,1,Región Andina
2021-10-05,2024-04-04,52,nariño,52258,el tablon(nar),nueva población beneficiada alcantarillado rural,"optimización y ampliación del alcantarillado del corregimiento de las mesas, municipio del tablon de gomez",pgn,5088394689,135817147,en liquidación,1,Región Pacífica
2022-12-16,2024-04-04,52,nariño,52678,samaniego(nar),nueva población beneficiada acueducto urbano,plan maestro de acueducto y alcantarillado sanitario y pluvial del municipio de samaniego – nariño,pgn,1368708263,0,terminado,1,Región Pacífica
2022-12-16,2024-04-04,52,nariño,52678,samaniego(nar),nueva población beneficiada alcantarillado urbano,plan maestro de acueducto y alcantarillado sanitario y pluvial del municipio de samaniego – nariño,pgn,1368708263,0,terminado,1,Región Pacífica
2023-06-30,2024-04-04,52,nariño,52317,guachucal(nar),nueva población beneficiada alcantarillado rural,optimizacion del alcantarillado sanitario y construccion de la planta de tratamiento de aguas residuales de la vereda el consuelo de chillanquer municipio de guachucal-nariño,pda,0,2710733934,en liquidación,1,Región Pacífica
2021-12-09,2024-04-04,52,nariño,52418,los andes(nar),nueva población beneficiada alcantarillado rural,"mejoramiento de las   condiciones de saneamiento rural mediante la implementacion  de acciones de descontaminacion, educacion y preservacion ambiental en la cuenca del rio guaitara, municipio de los   andes",pda,1215762839,1984711597,liquidado,1,Región Pacífica
2022-03-31,2024-04-04,52,nariño,52685,san bernardo(nar),nueva población beneficiada alcantarillado rural,construccion de unidades sanitarias con saneamiento basico para la vivenda rural en el municipio de san bernardo- departamento de nariño,pda,0,968894634,liquidado,1,Región Pacífica
2021-11-23,2024-04-04,52,nariño,52694,san pedro de cartago(nar),nueva población beneficiada alcantarillado rural,"construccion sistema de alcantarillado sanitario de la vereda la chorrera, municipio de san pedro de cartago",pda,0,1378580426,liquidado,1,Región Pacífica
2022-01-21,2024-04-04,52,nariño,52699,santacruz(nar),nueva población beneficiada acueducto rural,construccion acueducto rural en la vereda chaguez del municipio de santa cruz,pda,0,465855438,liquidado,1,Región Pacífica
2023-11-17,2024-04-04,23,cordoba,23855,valencia(cor),nueva población beneficiada acueducto rural,optimizacion  del sistema de acueducto del corregimiento de jaraguay municipio de valencia,pgn,1974580106,0,terminado,1,Región Caribe
2019-12-11,2024-04-04,47,magdalena,47980,zona bananera(mag),nueva población beneficiada acueducto urbano,"optimización y ampliación del sistema de acueducto del municipio de zona bananera, centro nucleado de guacamayal",pda,0,2896843052,liquidado,1,Región Caribe
2019-10-29,2024-04-04,27,choco,27001,quibdo(cho),nueva población beneficiada acueducto urbano,diseños para la optimizacion de los sistemas de acueducto y alcantarillado del municipio de quibdo,pgn,3713372232,0,liquidado,1,Región Pacífica
2019-10-29,2024-04-04,27,choco,27001,quibdo(cho),nueva población beneficiada alcantarillado urbano,diseños para la optimizacion de los sistemas de acueducto y alcantarillado del municipio de quibdo,pgn,3713372232,0,liquidado,1,Región Pacífica
2020-10-30,2024-04-04,25,cundinamarca,"25168, 25394, 25530, 25580, 25878","chaguani(cun), la palma(cun), paratebueno(cun), puli(cun), viota(cun)",nueva población beneficiada acueducto urbano,"construcción de conexiones intradomiciliarias para las zonas mas afectadas por el conflicto armado ""zomac"" de departamento de cundinamarca",obras por impuestos,0,0,terminado,5,Región Andina
2020-10-30,2024-04-04,25,cundinamarca,"25168, 25394, 25530, 25580, 25878","chaguani(cun), la palma(cun), paratebueno(cun), puli(cun), viota(cun)",nueva población beneficiada acueducto rural,"construcción de conexiones intradomiciliarias para las zonas mas afectadas por el conflicto armado ""zomac"" de departamento de cundinamarca",obras por impuestos,0,0,terminado,5,Región Andina
2020-10-30,2024-04-04,25,cundinamarca,"25168, 25394, 25530, 25580, 25878","chaguani(cun), la palma(cun), paratebueno(cun), puli(cun), viota(cun)",nueva población beneficiada alcantarillado urbano,"construcción de conexiones intradomiciliarias para las zonas mas afectadas por el conflicto armado ""zomac"" de departamento de cundinamarca",obras por impuestos,0,0,terminado,5,Región Andina
2020-10-30,2024-04-04,25,cundinamarca,"25168, 25394, 25530, 25580, 25878","chaguani(cun), la palma(cun), paratebueno(cun), puli(cun), viota(cun)",nueva población beneficiada alcantarillado rural,"construcción de conexiones intradomiciliarias para las zonas mas afectadas por el conflicto armado ""zomac"" de departamento de cundinamarca",obras por impuestos,0,0,terminado,5,Región Andina
2020-10-03,2024-04-04,5,antioquia,5490,necoclí(ant),nueva población beneficiada acueducto rural,construccion del plan maestro de acueducto del corregimiento el totumo del municipio de necocli,pda,0,6365122249,terminado,1,Región Andina
2019-03-27,2024-04-04,70,sucre,70708,san marcos(suc),nueva población beneficiada acueducto urbano,ampliacion y optimizacion  del sistema de acueducto del municipio de san marcos,pda,4628043513,2835351076,liquidado,1,Región Caribe
2020-02-28,2024-04-04,23,cordoba,23350,la apartada(cor),nueva población beneficiada alcantarillado urbano,"optimización de redes de alcantarillado sanitario del municipio de la apartada, fase i",pda,0,4157136957,liquidado,1,Región Caribe
2021-02-14,2024-04-04,20,cesar,20621,robles (la paz)(ces),nueva población beneficiada acueducto urbano,"construcción y optimización de las redes del sistema de acueducto fase i, en la cabecera urbana municipal de la paz departamento del cesar",obras por impuestos,0,0,liquidado,1,Región Caribe
2022-08-15,2024-04-04,91,amazonas,91430,la victoria(ama),nueva población beneficiada alcantarillado rural,construccion del sistema de alcantarillado centro poblado corregimiento la victoria (sistemas individuales ),pda,133750736,435227857,terminado,1,Región Amazonía
2022-09-10,2024-04-04,23,cordoba,23001,monteria(cor),nueva población beneficiada acueducto rural,"optimizacion del sistema de acueducto del corregimiento san isidro y las veredas galilea, los moncholos, nuevo paraiso, gran esfuerzo, el congo, nueva ola, san anterito y salamina del municipio monteria en el departamento de cordoba",pgn,8689157849,4039948155,terminado,1,Región Caribe
2019-02-28,2024-04-04,20,cesar,20060,bosconia(ces),nueva población beneficiada acueducto urbano,linea de impulsion para la optimizacion del sistema de acueducto del municipio de bosconia,pda,5283674457,0,en liquidación,1,Región Caribe
2020-11-30,2024-04-04,20,cesar,20621,robles (la paz)(ces),nueva población beneficiada acueducto urbano,construcción y optimización de las redes del sistema de acueducto en la cabecera municipal de la paz-departamento del cesar fase ii,pgn,2986028560,0,terminado,1,Región Caribe
2022-04-25,2024-04-04,27,choco,27001,quibdo(cho),nueva población beneficiada alcantarillado urbano,construcción del sistema de alcantarillado en la comunidad indígena del km7 sector las palmas municipio de quibdo,obras por impuestos,0,0,liquidado,1,Región Pacífica
2023-02-27,2024-04-04,25,cundinamarca,25473,mosquera(cun),nueva población beneficiada acueducto rural,"construcción del acueducto rural para las veredas san jose y balsilla, con los sectores playón, parcelas, mondoñedo, los puentes, vista hermosa, pencal y sector los pinos municipio de mosquera",pda,0,5509850004,terminado,1,Región Andina
2018-10-29,2024-04-04,76,valle del cauca,76318,guacari(val),nueva población beneficiada alcantarillado urbano,construccion  alcantarillado del corregimiento de sonso en el municipio de guacari.,pda,0,8551893211,terminado,1,Región Pacífica
2018-09-03,2024-04-04,27,choco,27001,quibdo(cho),nueva población beneficiada acueducto urbano,optimizacion redes del sistema de acueducto de la cabecera municipal de quibdo,pgn,29523698987,17293269935,en liquidación,1,Región Pacífica
2020-07-30,2024-04-04,19,cauca,19364,jambaló(cau),nueva población beneficiada alcantarillado urbano,construccion de obras de optimizacion del sistema de alcantarillado del municipio de jambalo,contrato plan,2532008289,192439244,liquidado,1,Región Pacífica
2020-02-26,2024-04-04,19,cauca,19001,popayán(cau),nueva población beneficiada acueducto urbano,construccion de  sedimentadores para la ampliación delcaudal a 500 lps de la planta de tratamiento de agua potable de palace municipio de popayan,pgn,1822270033,8522525,liquidado,1,Región Pacífica
2023-07-25,2024-04-04,19,cauca,19397,la vega(cau),nueva población beneficiada alcantarillado urbano,terminacion plan maestro de alcantarillado cabecera municipal de la vega,pda,889150630,3073993919,terminado,1,Región Pacífica
2023-04-11,2024-04-04,41,huila,41518,paicol(hui),nueva población beneficiada alcantarillado urbano,optimización sistema de alcantarillado combinado casco urbano primera fase sector occidente del municipio de paicol-departamento del huila,pda,0,3979239508,en liquidación,1,Región Andina
2020-10-09,2024-04-04,86,putumayo,86749,sibundoy(put),nueva población beneficiada acueducto urbano,rehabilitacion y mejoramiento del sistema de acueducto del casco urbano del municipio de sibundoy i etapa ola invernal municipio de sibundoy-putumayo,ola invernal mayor,925270027,0,en liquidación,1,Región Amazonía
2023-03-14,2024-04-04,27,choco,27077,bajo baudo (pizarro)(cho),nueva población beneficiada alcantarillado urbano,"optimizacion del sistema de alcantarillado, y construccion ptar del municipio de bajo baudo",pgn,8974624904,2608440395,en liquidación,1,Región Pacífica
2021-10-01,2024-04-04,20,cesar,20295,gamarra(ces),nueva población beneficiada alcantarillado rural,construcción de ciento veintiuno (121) unidades sanitarias con saneamiento básico para vivienda rural dispersa del municipio de gamarra,pgn,1834386685,0,liquidado,1,Región Caribe
2022-09-30,2024-04-04,76,valle del cauca,76318,guacari(val),nueva población beneficiada acueducto rural,"optimización de redes de distribución de acueducto corregimiento de guabitas, municipio de guacarí",pgn,2500000000,648883025,terminado,1,Región Pacífica
2023-04-10,2024-04-04,20,cesar,20032,astrea(ces),nueva población beneficiada acueducto urbano,optimización del sistema de acueducto y alcantarillado sanitario (fase 2) de la cabecera municipal de astrea departamento del cesar,pgn,6055119856,4155474411,terminado,1,Región Caribe
2023-04-10,2024-04-04,20,cesar,20032,astrea(ces),nueva población beneficiada alcantarillado urbano,optimización del sistema de acueducto y alcantarillado sanitario (fase 2) de la cabecera municipal de astrea departamento del cesar,pgn,6055119856,4155474411,terminado,1,Región Caribe
2023-09-01,2024-04-04,20,cesar,20517,pailitas(ces),nueva población beneficiada alcantarillado rural,optimización del sistema de acueducto y construcción de la planta de tratamiento de aguas residuales del corregimiento de palestina municipio de pailitas departamento del cesar,pgn,3825821762,0,terminado,1,Región Caribe
2023-04-13,2024-04-04,41,huila,41660,saladoblanco(hui),nueva población beneficiada acueducto urbano,construccion plan maestro de acueducto y  alcantarillado municipio de saladoblanco fase i,pda,0,6266140056,liquidado,1,Región Andina
2023-04-13,2024-04-04,41,huila,41660,saladoblanco(hui),nueva población beneficiada alcantarillado urbano,construccion plan maestro de acueducto y  alcantarillado municipio de saladoblanco fase i,pda,0,6266140056,liquidado,1,Región Andina
2021-01-30,2024-04-04,68,santander,68077,barbosa(san),nueva población beneficiada acueducto urbano,construccion de redes de conduccion y optimizacion del acueducto en el municipio de barbosa,pgn,4794866430,4220300715,en liquidación,1,Región Andina
2020-12-31,2024-04-04,41,huila,41001,neiva(hui),nueva población beneficiada alcantarillado urbano,"construcción de la primera fase de la red de alcantarillado sanitario del barrio villa colombia, comuna 9 de la ciudad de neiva, departamento del huila",pgn,2000000000,5947633,liquidado,1,Región Andina
2019-01-22,2024-04-04,52,nariño,52585,pupiales(nar),nueva población beneficiada alcantarillado urbano,rehabilitacion sistema de alcantarillado de la calle septlma entre carrera tercera y quinta del municipio de pupiales-nariño,ola invernal menor,0,228273182,en liquidación,1,Región Pacífica
2024-02-27,2024-04-04,73,tolima,73873,villarrica(tol),nueva población beneficiada acueducto urbano,optimizacion del sistema de suministro de agua para el acueducto del municipio de villarica,pda,743583235,3784522263,terminado,1,Región Andina
2023-02-24,2024-04-04,88,san andres,88001,san andres(san),nueva población beneficiada acueducto urbano,expansión de 3.2km de redes de acueducto en la isla de san andrés,pgn,3453709817,338599002,terminado,1,Región Desconocida
2022-06-01,2024-04-04,70,sucre,70708,san marcos(suc),nueva población beneficiada alcantarillado urbano,"extensión de redes de alcantarillado sanitario en la zona centro del municipio de san marcos, departamento de sucre fase i",pgn,1239878750,837755912,en liquidación,1,Región Caribe
2021-04-30,2024-04-04,23,cordoba,23162,cerete(cor),nueva población beneficiada alcantarillado urbano,construcción de redes de alcantarillado y ampliación de cobertura de sectores no. 4 etapa 1 fase ii municipio de cereté,pgn,5946597729,0,en liquidación,1,Región Caribe
2021-12-31,2024-04-04,73,tolima,73024,alpujarra(tol),nueva población beneficiada acueducto rural,estructuración y formulación del proyecto construcción acueducto veredal vega de gramal y los medios del municipio de alpujarra - tolima,bid,5789059510,0,en liquidación,1,Región Andina
2022-12-17,2024-04-04,70,sucre,70001,sincelejo(suc),nueva población beneficiada acueducto urbano,extensión de redes de acueducto para el suministro de agua potable de gallera en el municipio de sincelejo,pgn,3028330628,450934946,terminado,1,Región Caribe
2020-10-11,2024-04-04,19,cauca,19142,caloto(cau),nueva población beneficiada acueducto rural,"construcción del sistema de tratamiento de agua potable, optimización de las redes de abastecimiento y construcción de soluciones individuales de saneamiento para el sistema interveredal asoalma del municipio de caloto",bid,4322942345,0,en liquidación,1,Región Pacífica
2020-10-11,2024-04-04,19,cauca,19142,caloto(cau),nueva población beneficiada alcantarillado rural,"construcción del sistema de tratamiento de agua potable, optimización de las redes de abastecimiento y construcción de soluciones individuales de saneamiento para el sistema interveredal asoalma del municipio de caloto",bid,4322942345,0,en liquidación,1,Región Pacífica
2019-08-05,2024-04-04,44,la guajira,44560,manaure(la ),nueva población beneficiada acueducto rural,modelo de distribución de agua potable para las comunidades indígenas wayuu de la zona rural dispersa municipio de manaure,bid,5831908154,0,en liquidación,1,Región Caribe
2022-12-16,2024-04-04,41,huila,41006,acevedo(hui),nueva población beneficiada alcantarillado urbano,construccion plan maestro de alcantarillado sanitario y pluvial del municipio de acevedo-fase i,pda,0,8233171613,terminado,1,Región Andina
2023-03-09,2024-04-04,25,cundinamarca,25649,san bernardo(cun),nueva población beneficiada acueducto urbano,construccion de las obras del plan maestro de acueducto del municipio de san bernardo,pda,0,5787813449,terminado,1,Región Andina
2022-09-15,2024-04-04,52,nariño,52435,mallama(nar),nueva población beneficiada acueducto urbano,"mejoramiento del sistema de abastecimiento, construccion planta de tratamiento de agua potable y optimizacion del sistema de alcantarillado en el casco urbano del municipio de mallama",pda,0,4311588306,liquidado contrato obra,1,Región Pacífica
2022-09-15,2024-04-04,52,nariño,52435,mallama(nar),nueva población beneficiada alcantarillado urbano,"mejoramiento del sistema de abastecimiento, construccion planta de tratamiento de agua potable y optimizacion del sistema de alcantarillado en el casco urbano del municipio de mallama",pda,0,4311588306,liquidado contrato obra,1,Región Pacífica
2021-12-15,2024-04-04,52,nariño,52385,la llanada(nar),nueva población beneficiada acueducto urbano,construccion planta de tratamiento de agua potable casco urbano municipio de llanada,pda,310178195,372477249,en liquidación,1,Región Pacífica
2020-11-26,2024-04-04,23,cordoba,23162,cerete(cor),nueva población beneficiada alcantarillado urbano,construccion de redes de alcantarillado y ampliacion de cobertura del sector no. 4  del municipio de cerete etapa i.,pgn,6000000000,0,en liquidación,1,Región Caribe
2023-03-31,2024-04-04,73,tolima,73217,coyaima(tol),nueva población beneficiada alcantarillado rural,"construcción del alcantarillado sanitario y ptar del centro poblado de castilla, municipio de coyaima",pda,0,4549182180,terminado,1,Región Andina
2020-08-31,2024-04-04,50,meta,50711,vista hermosa(met),nueva población beneficiada acueducto rural,construccion plan maestro de acueducto y alcantarillado  centro poblado maracaibo y vereda guapaya bajo del municipio de vista hermosa,programa rural,8808562511,0,en liquidación,1,Región Orinoquía
2020-08-31,2024-04-04,50,meta,50711,vista hermosa(met),nueva población beneficiada alcantarillado rural,construccion plan maestro de acueducto y alcantarillado  centro poblado maracaibo y vereda guapaya bajo del municipio de vista hermosa,programa rural,8808562511,0,en liquidación,1,Región Orinoquía
2020-12-08,2024-04-04,50,meta,50450,puerto concordia(met),nueva población beneficiada acueducto urbano,ampliacion y optimizacion del sistema de acueducto  del municipio de puerto concordia,pda,0,6828964260,en liquidación,1,Región Orinoquía
2020-11-09,2024-04-04,50,meta,50330,mesetas(met),nueva población beneficiada acueducto urbano,ampliacion y optimizacion del sistema de acueducto del municipio de mesetas.,pda,0,4466924836,en liquidación,1,Región Orinoquía
2020-03-31,2024-04-04,20,cesar,20383,la gloria(ces),nueva población beneficiada alcantarillado rural,construcción de unidades básicas sanitarias para la zona rural del municipio de la gloria cesar,obras por impuestos,0,0,liquidado,1,Región Caribe
2022-11-09,2024-04-04,54,n de santander,54261,el zulia(n d),nueva población beneficiada acueducto rural,construcción de sistema de acueducto para la vereda el tablazo en el municipio de el zulia norte de santander,obras por impuestos,0,0,liquidado,1,Región Desconocida
2021-10-09,2024-04-04,50,meta,50318,guamal(met),nueva población beneficiada alcantarillado urbano,ampliacion y optimizacion de la planta de tratamiento de aguas residuales del municipio de guamal,pda,0,7066688946,terminado,1,Región Orinoquía
2020-10-14,2024-04-04,86,putumayo,86885,villagarzon(put),nueva población beneficiada alcantarillado urbano,construccion alcantarillado pluvial zona 4a (tramo 125a-184a sector colegio valencia) municipio de villagarzon,pgn,4121393827,98000000,liquidado,1,Región Amazonía
2023-05-15,2024-04-04,70,sucre,70708,san marcos(suc),nueva población beneficiada alcantarillado urbano,"optimización de las redes de alcantarillado sanitario en la zona urbana del municipio de san marcos-fase ii, departamento de sucre",pgn,8390400493,5669189522,terminado,1,Región Caribe
2023-07-27,2024-04-04,44,la guajira,44001,riohacha(la ),nueva población beneficiada acueducto rural,"construcción de obras en el punto de producción, sistema de filtración rápida, construcción pilas aferentes, suministro de dotación para pilas, componente social y aseguramiento en la comunidad de romonero, municipio de riohacha, la guajira",pda,0,4959728683,terminado,1,Región Caribe
2021-07-14,2024-04-04,47,magdalena,47692,san sebastian de buenavista(mag),nueva población beneficiada acueducto rural,"construccion del acueducto del  corregimiento el seis, municipio de san sebastian de buenavista.",pda,0,822168501,terminado,1,Región Caribe
2020-08-09,2024-04-04,5,antioquia,5030,amagá(ant),nueva población beneficiada alcantarillado urbano,construccion de obras de optimizacion del sistema de alcantarillado urbano del municipio de amaga,pgn,7441486062,1549403890,en liquidación,1,Región Andina
2022-02-10,2024-04-04,68,santander,68895,zapatoca(san),nueva población beneficiada alcantarillado urbano,optimizacion y mejoramiento del sistema de alcantarillado combinado fase i del casco urbano del municipio de zapatoca- departamento de santander,pgn,2084068826,5039215686,en liquidación,1,Región Andina
2023-06-10,2024-04-04,15,boyaca,15407,villa de leiva(boy),nueva población beneficiada alcantarillado urbano,"construcción primera etapa plan maestro de alcantarillado del municipio de villa de leyva, boyacá centro oriente",pgn,1776677078,5615775,en liquidación,1,Región Andina
2021-03-16,2024-04-04,85,casanare,85001,yopal(cas),nueva población beneficiada alcantarillado urbano,estudios y diseños del sistema de alcantarillado sanitario de la ciudadela la bendición del municipio de yopal departamento de casanare,pre-inversión,550527150,0,en liquidación,1,Región Orinoquía
2021-12-21,2024-04-04,66,risaralda,66687,santuario(ris),nueva población beneficiada acueducto urbano,construcción bocatoma río san rafael  del acueducto principal del municipio de santuario,ola invernal mayor,0,1222777897,terminado,1,Región Andina
2018-10-31,2024-04-04,44,la guajira,44874,villanueva(la ),nueva población beneficiada acueducto urbano,optimizacion hidraulica de la red  de distribucion del sistema de acueducto del municipio de villanueva,pda,0,8854898000,terminado,1,Región Caribe
